Product Code,Company Number,Company Name,Product Name,Join Way,Special Conditions,Join Deny,Join Member,Max Limit,Interest Rate Type,Saving Term (months),Interest Rate,Interest Rate (max)
WR0001B,0010001,우리은행,WON플러스예금,"인터넷,스마트폰,전화(텔레뱅킹)",해당사항 없음,1,실명의 개인,,단리,1,3.0,3.0
WR0001B,0010001,우리은행,WON플러스예금,"인터넷,스마트폰,전화(텔레뱅킹)",해당사항 없음,1,실명의 개인,,단리,3,3.5,3.5
WR0001B,0010001,우리은행,WON플러스예금,"인터넷,스마트폰,전화(텔레뱅킹)",해당사항 없음,1,실명의 개인,,단리,6,3.5,3.5
WR0001B,0010001,우리은행,WON플러스예금,"인터넷,스마트폰,전화(텔레뱅킹)",해당사항 없음,1,실명의 개인,,단리,12,3.55,3.55
WR0001B,0010001,우리은행,WON플러스예금,"인터넷,스마트폰,전화(텔레뱅킹)",해당사항 없음,1,실명의 개인,,단리,24,3.0,3.0
WR0001B,0010001,우리은행,WON플러스예금,"인터넷,스마트폰,전화(텔레뱅킹)",해당사항 없음,1,실명의 개인,,단리,36,3.0,3.0
00320342,0010002,한국스탠다드차타드은행,e-그린세이브예금,"인터넷,스마트폰","1.SC제일은행 최초 거래 신규고객에 대하여 우대 이율을 제공함 (보너스이율0.2%)                     2.SC제일마이백통장에서 출금하여 이 예금을 신규하는경우에 보너스이율을 제공함
(가입기간:1년제/ 보너스이율:0.1% / 만기해약하는 경우에 한해 보너스이율을 적용함)",1,개인(개인사업자 포함),1000000000,단리,1,3.0,3.2
00320342,0010002,한국스탠다드차타드은행,e-그린세이브예금,"인터넷,스마트폰","1.SC제일은행 최초 거래 신규고객에 대하여 우대 이율을 제공함 (보너스이율0.2%)                     2.SC제일마이백통장에서 출금하여 이 예금을 신규하는경우에 보너스이율을 제공함
(가입기간:1년제/ 보너스이율:0.1% / 만기해약하는 경우에 한해 보너스이율을 적용함)",1,개인(개인사업자 포함),1000000000,단리,3,3.4,3.6
00320342,0010002,한국스탠다드차타드은행,e-그린세이브예금,"인터넷,스마트폰","1.SC제일은행 최초 거래 신규고객에 대하여 우대 이율을 제공함 (보너스이율0.2%)                     2.SC제일마이백통장에서 출금하여 이 예금을 신규하는경우에 보너스이율을 제공함
(가입기간:1년제/ 보너스이율:0.1% / 만기해약하는 경우에 한해 보너스이율을 적용함)",1,개인(개인사업자 포함),1000000000,단리,6,3.4,3.6
00320342,0010002,한국스탠다드차타드은행,e-그린세이브예금,"인터넷,스마트폰","1.SC제일은행 최초 거래 신규고객에 대하여 우대 이율을 제공함 (보너스이율0.2%)                     2.SC제일마이백통장에서 출금하여 이 예금을 신규하는경우에 보너스이율을 제공함
(가입기간:1년제/ 보너스이율:0.1% / 만기해약하는 경우에 한해 보너스이율을 적용함)",1,개인(개인사업자 포함),1000000000,단리,12,3.4,3.7
10511008000996000,0010016,대구은행,DGB주거래우대예금(첫만남고객형),"영업점,인터넷,스마트폰","최고우대금리 : 연0.65%p              
 - 목돈굴리기예금 최초 가입시 : 연0.20%p
 - 상품 가입 전 최근 1개월 이내 신용(체크)카드 신규 발급 : 연0.20%p
 - 상품 가입 전 최근 1개월 이내 인터넷.폰.스마트뱅킹 가입 : 연0.20%p
 * 해당 상품을 인터넷/스마트뱅킹을 통해 가입 : 연0.05%p",1,실명의 개인,,단리,6,2.46,3.11
10511008000996000,0010016,대구은행,DGB주거래우대예금(첫만남고객형),"영업점,인터넷,스마트폰","최고우대금리 : 연0.65%p              
 - 목돈굴리기예금 최초 가입시 : 연0.20%p
 - 상품 가입 전 최근 1개월 이내 신용(체크)카드 신규 발급 : 연0.20%p
 - 상품 가입 전 최근 1개월 이내 인터넷.폰.스마트뱅킹 가입 : 연0.20%p
 * 해당 상품을 인터넷/스마트뱅킹을 통해 가입 : 연0.05%p",1,실명의 개인,,단리,12,3.2,3.85
10511008000996000,0010016,대구은행,DGB주거래우대예금(첫만남고객형),"영업점,인터넷,스마트폰","최고우대금리 : 연0.65%p              
 - 목돈굴리기예금 최초 가입시 : 연0.20%p
 - 상품 가입 전 최근 1개월 이내 신용(체크)카드 신규 발급 : 연0.20%p
 - 상품 가입 전 최근 1개월 이내 인터넷.폰.스마트뱅킹 가입 : 연0.20%p
 * 해당 상품을 인터넷/스마트뱅킹을 통해 가입 : 연0.05%p",1,실명의 개인,,단리,24,3.22,3.87
10511008000996000,0010016,대구은행,DGB주거래우대예금(첫만남고객형),"영업점,인터넷,스마트폰","최고우대금리 : 연0.65%p              
 - 목돈굴리기예금 최초 가입시 : 연0.20%p
 - 상품 가입 전 최근 1개월 이내 신용(체크)카드 신규 발급 : 연0.20%p
 - 상품 가입 전 최근 1개월 이내 인터넷.폰.스마트뱅킹 가입 : 연0.20%p
 * 해당 상품을 인터넷/스마트뱅킹을 통해 가입 : 연0.05%p",1,실명의 개인,,단리,36,3.24,3.89
10511008001004000,0010016,대구은행,DGB행복파트너예금(일반형),"영업점,인터넷,스마트폰","최고우대금리 : 연0.45%p
-지난달 대구은행 통장으로 연금 입금 실적 보유 : 연0.10%p
-상품 가입 전 대구은행 신용(체크)카드 보유 : 연0.10%p
-지난 3개월 예금 평잔 30만원 이상 : 연0.10%p
-DGB행복파트너적금 동시 가입 및 만기 보유 : 연0.10%p
*해당상품을 인터넷/스마트뱅킹을 통해 가입 : 연0.05%p",3,만50세 이상 개인,,단리,3,1.92,2.37
10511008001004000,0010016,대구은행,DGB행복파트너예금(일반형),"영업점,인터넷,스마트폰","최고우대금리 : 연0.45%p
-지난달 대구은행 통장으로 연금 입금 실적 보유 : 연0.10%p
-상품 가입 전 대구은행 신용(체크)카드 보유 : 연0.10%p
-지난 3개월 예금 평잔 30만원 이상 : 연0.10%p
-DGB행복파트너적금 동시 가입 및 만기 보유 : 연0.10%p
*해당상품을 인터넷/스마트뱅킹을 통해 가입 : 연0.05%p",3,만50세 이상 개인,,단리,6,2.42,2.87
10511008001004000,0010016,대구은행,DGB행복파트너예금(일반형),"영업점,인터넷,스마트폰","최고우대금리 : 연0.45%p
-지난달 대구은행 통장으로 연금 입금 실적 보유 : 연0.10%p
-상품 가입 전 대구은행 신용(체크)카드 보유 : 연0.10%p
-지난 3개월 예금 평잔 30만원 이상 : 연0.10%p
-DGB행복파트너적금 동시 가입 및 만기 보유 : 연0.10%p
*해당상품을 인터넷/스마트뱅킹을 통해 가입 : 연0.05%p",3,만50세 이상 개인,,단리,12,3.16,3.61
10511008001004000,0010016,대구은행,DGB행복파트너예금(일반형),"영업점,인터넷,스마트폰","최고우대금리 : 연0.45%p
-지난달 대구은행 통장으로 연금 입금 실적 보유 : 연0.10%p
-상품 가입 전 대구은행 신용(체크)카드 보유 : 연0.10%p
-지난 3개월 예금 평잔 30만원 이상 : 연0.10%p
-DGB행복파트너적금 동시 가입 및 만기 보유 : 연0.10%p
*해당상품을 인터넷/스마트뱅킹을 통해 가입 : 연0.05%p",3,만50세 이상 개인,,단리,24,3.18,3.63
10511008001004000,0010016,대구은행,DGB행복파트너예금(일반형),"영업점,인터넷,스마트폰","최고우대금리 : 연0.45%p
-지난달 대구은행 통장으로 연금 입금 실적 보유 : 연0.10%p
-상품 가입 전 대구은행 신용(체크)카드 보유 : 연0.10%p
-지난 3개월 예금 평잔 30만원 이상 : 연0.10%p
-DGB행복파트너적금 동시 가입 및 만기 보유 : 연0.10%p
*해당상품을 인터넷/스마트뱅킹을 통해 가입 : 연0.05%p",3,만50세 이상 개인,,단리,36,3.2,3.65
10511008001166004,0010016,대구은행,DGB함께예금,"영업점,인터넷,스마트폰","최고우대금리 : 연0.45%p
-전월 총 수신 평잔실적 또는 상품 가입 전 첫만남플러스 통장 보유시 
-대구은행 주택청약상품보유 
-신규일 ""DGB함께적금"" 동시 가입 및 만기 보유 
-대구은행 오픈뱅킹서비스에 다른 은행 계좌 등록시 각 연0.10%p                       
*해당상품을 인터넷/스마트뱅킹을 통해 가입 시 : 연0.05%p",1,실명의 개인 및 개인사업자,,단리,12,3.7,4.15
10511008001278000,0010016,대구은행,IM스마트예금,"인터넷,스마트폰","최고우대금리 : 연0.25%p
- 가입일(재예치일)로부터 3개월이내 아래 1가지 이상 요건 충족시
① DGB대구은행 주택청약종합저축 보유
② DGB대구은행 신용(체크)카드 결제실적 보유(결제금액 출금기준)
* 해당 상품을 인터넷/스마트뱅크를 통해 가입 : 연0.05%p",1,실명의 개인,,단리,1,2.2,2.25
10511008001278000,0010016,대구은행,IM스마트예금,"인터넷,스마트폰","최고우대금리 : 연0.25%p
- 가입일(재예치일)로부터 3개월이내 아래 1가지 이상 요건 충족시
① DGB대구은행 주택청약종합저축 보유
② DGB대구은행 신용(체크)카드 결제실적 보유(결제금액 출금기준)
* 해당 상품을 인터넷/스마트뱅크를 통해 가입 : 연0.05%p",1,실명의 개인,,단리,3,2.4,2.45
10511008001278000,0010016,대구은행,IM스마트예금,"인터넷,스마트폰","최고우대금리 : 연0.25%p
- 가입일(재예치일)로부터 3개월이내 아래 1가지 이상 요건 충족시
① DGB대구은행 주택청약종합저축 보유
② DGB대구은행 신용(체크)카드 결제실적 보유(결제금액 출금기준)
* 해당 상품을 인터넷/스마트뱅크를 통해 가입 : 연0.05%p",1,실명의 개인,,단리,6,3.25,3.5
10511008001278000,0010016,대구은행,IM스마트예금,"인터넷,스마트폰","최고우대금리 : 연0.25%p
- 가입일(재예치일)로부터 3개월이내 아래 1가지 이상 요건 충족시
① DGB대구은행 주택청약종합저축 보유
② DGB대구은행 신용(체크)카드 결제실적 보유(결제금액 출금기준)
* 해당 상품을 인터넷/스마트뱅크를 통해 가입 : 연0.05%p",1,실명의 개인,,단리,12,3.4,3.65
10511008001278000,0010016,대구은행,IM스마트예금,"인터넷,스마트폰","최고우대금리 : 연0.25%p
- 가입일(재예치일)로부터 3개월이내 아래 1가지 이상 요건 충족시
① DGB대구은행 주택청약종합저축 보유
② DGB대구은행 신용(체크)카드 결제실적 보유(결제금액 출금기준)
* 해당 상품을 인터넷/스마트뱅크를 통해 가입 : 연0.05%p",1,실명의 개인,,단리,24,3.2,3.45
10511008001278000,0010016,대구은행,IM스마트예금,"인터넷,스마트폰","최고우대금리 : 연0.25%p
- 가입일(재예치일)로부터 3개월이내 아래 1가지 이상 요건 충족시
① DGB대구은행 주택청약종합저축 보유
② DGB대구은행 신용(체크)카드 결제실적 보유(결제금액 출금기준)
* 해당 상품을 인터넷/스마트뱅크를 통해 가입 : 연0.05%p",1,실명의 개인,,단리,36,3.2,3.45
01030500510002,0010017,부산은행,LIVE정기예금,"영업점,인터넷","*우대이율
가. 3~5개월 특판우대이율 : 0.95%
나. 6~11개월 특판 우대이율: 0.85%
다. 12개월 특판 우대이율 : 0.65%",1,제한없음,,단리,1,2.25,2.25
01030500510002,0010017,부산은행,LIVE정기예금,"영업점,인터넷","*우대이율
가. 3~5개월 특판우대이율 : 0.95%
나. 6~11개월 특판 우대이율: 0.85%
다. 12개월 특판 우대이율 : 0.65%",1,제한없음,,단리,3,2.45,3.4
01030500510002,0010017,부산은행,LIVE정기예금,"영업점,인터넷","*우대이율
가. 3~5개월 특판우대이율 : 0.95%
나. 6~11개월 특판 우대이율: 0.85%
다. 12개월 특판 우대이율 : 0.65%",1,제한없음,,단리,6,2.55,3.4
01030500510002,0010017,부산은행,LIVE정기예금,"영업점,인터넷","*우대이율
가. 3~5개월 특판우대이율 : 0.95%
나. 6~11개월 특판 우대이율: 0.85%
다. 12개월 특판 우대이율 : 0.65%",1,제한없음,,단리,12,2.75,3.4
01030500510002,0010017,부산은행,LIVE정기예금,"영업점,인터넷","*우대이율
가. 3~5개월 특판우대이율 : 0.95%
나. 6~11개월 특판 우대이율: 0.85%
다. 12개월 특판 우대이율 : 0.65%",1,제한없음,,단리,24,2.8,2.8
01030500510002,0010017,부산은행,LIVE정기예금,"영업점,인터넷","*우대이율
가. 3~5개월 특판우대이율 : 0.95%
나. 6~11개월 특판 우대이율: 0.85%
다. 12개월 특판 우대이율 : 0.65%",1,제한없음,,단리,36,2.8,2.8
01030500560002,0010017,부산은행,더(The) 특판 정기예금,"인터넷,스마트폰","* 우대이율 (최대 0.75%p)
가. 모바일뱅킹 금융정보 및 혜택알림 동의 우대이율 : 0.10%p
나. 이벤트 우대이율 : 최대 0.65%p 
1) 더(The) 특판 정기예금 신규고객 우대이율 : 0.20%p
2) 특판 우대이율 : 0.45%p",1,실명의 개인,,단리,1,2.2,2.85
01030500560002,0010017,부산은행,더(The) 특판 정기예금,"인터넷,스마트폰","* 우대이율 (최대 0.75%p)
가. 모바일뱅킹 금융정보 및 혜택알림 동의 우대이율 : 0.10%p
나. 이벤트 우대이율 : 최대 0.65%p 
1) 더(The) 특판 정기예금 신규고객 우대이율 : 0.20%p
2) 특판 우대이율 : 0.45%p",1,실명의 개인,,단리,3,2.75,3.4
01030500560002,0010017,부산은행,더(The) 특판 정기예금,"인터넷,스마트폰","* 우대이율 (최대 0.75%p)
가. 모바일뱅킹 금융정보 및 혜택알림 동의 우대이율 : 0.10%p
나. 이벤트 우대이율 : 최대 0.65%p 
1) 더(The) 특판 정기예금 신규고객 우대이율 : 0.20%p
2) 특판 우대이율 : 0.45%p",1,실명의 개인,,단리,6,3.0,3.65
01030500560002,0010017,부산은행,더(The) 특판 정기예금,"인터넷,스마트폰","* 우대이율 (최대 0.75%p)
가. 모바일뱅킹 금융정보 및 혜택알림 동의 우대이율 : 0.10%p
나. 이벤트 우대이율 : 최대 0.65%p 
1) 더(The) 특판 정기예금 신규고객 우대이율 : 0.20%p
2) 특판 우대이율 : 0.45%p",1,실명의 개인,,단리,12,3.0,3.65
01030500560002,0010017,부산은행,더(The) 특판 정기예금,"인터넷,스마트폰","* 우대이율 (최대 0.75%p)
가. 모바일뱅킹 금융정보 및 혜택알림 동의 우대이율 : 0.10%p
나. 이벤트 우대이율 : 최대 0.65%p 
1) 더(The) 특판 정기예금 신규고객 우대이율 : 0.20%p
2) 특판 우대이율 : 0.45%p",1,실명의 개인,,단리,24,3.25,2.9
01030500560002,0010017,부산은행,더(The) 특판 정기예금,"인터넷,스마트폰","* 우대이율 (최대 0.75%p)
가. 모바일뱅킹 금융정보 및 혜택알림 동의 우대이율 : 0.10%p
나. 이벤트 우대이율 : 최대 0.65%p 
1) 더(The) 특판 정기예금 신규고객 우대이율 : 0.20%p
2) 특판 우대이율 : 0.45%p",1,실명의 개인,,단리,36,1.95,2.6
TD11300027000,0010019,광주은행,미즈월복리정기예금,"영업점,인터넷,스마트폰,기타","▶ 최고우대금리 0.2% 
 ① 요구불평잔 : 0.2% -300만원이상 0.1%, 500만원이상 0.2%
 ② 신용(체크)카드결제실적 : 0.1% -전월결제금 300만원이상 0.05%, 500만원이상 0.1%",1,만18세이상 여성으로 실명의 개인 및 개인사업자,50000000,복리,12,3.38,3.58
TD11300027000,0010019,광주은행,미즈월복리정기예금,"영업점,인터넷,스마트폰,기타","▶ 최고우대금리 0.2% 
 ① 요구불평잔 : 0.2% -300만원이상 0.1%, 500만원이상 0.2%
 ② 신용(체크)카드결제실적 : 0.1% -전월결제금 300만원이상 0.05%, 500만원이상 0.1%",1,만18세이상 여성으로 실명의 개인 및 개인사업자,50000000,복리,24,3.36,3.56
TD11300027000,0010019,광주은행,미즈월복리정기예금,"영업점,인터넷,스마트폰,기타","▶ 최고우대금리 0.2% 
 ① 요구불평잔 : 0.2% -300만원이상 0.1%, 500만원이상 0.2%
 ② 신용(체크)카드결제실적 : 0.1% -전월결제금 300만원이상 0.05%, 500만원이상 0.1%",1,만18세이상 여성으로 실명의 개인 및 개인사업자,50000000,복리,36,3.31,3.51
TD11300031000,0010019,광주은행,스마트모아Dream정기예금,"인터넷,스마트폰",▶ 1천만원 이상 가입시 최대 0.2%우대,1,개인 및 개인사업자,,단리,1,3.06,3.16
TD11300031000,0010019,광주은행,스마트모아Dream정기예금,"인터넷,스마트폰",▶ 1천만원 이상 가입시 최대 0.2%우대,1,개인 및 개인사업자,,단리,3,3.16,3.26
TD11300031000,0010019,광주은행,스마트모아Dream정기예금,"인터넷,스마트폰",▶ 1천만원 이상 가입시 최대 0.2%우대,1,개인 및 개인사업자,,단리,6,3.22,3.32
TD11300031000,0010019,광주은행,스마트모아Dream정기예금,"인터넷,스마트폰",▶ 1천만원 이상 가입시 최대 0.2%우대,1,개인 및 개인사업자,,단리,12,3.28,3.48
TD11300031000,0010019,광주은행,스마트모아Dream정기예금,"인터넷,스마트폰",▶ 1천만원 이상 가입시 최대 0.2%우대,1,개인 및 개인사업자,,단리,24,3.26,3.46
TD11300031000,0010019,광주은행,스마트모아Dream정기예금,"인터넷,스마트폰",▶ 1천만원 이상 가입시 최대 0.2%우대,1,개인 및 개인사업자,,단리,36,3.21,3.41
TD11300035000,0010019,광주은행,굿스타트예금,스마트폰,"▶ 최고우대금리 0.5% 
 ① 첫예금거래 : 0.4% -최근1년동안 정기예금 계좌 신규 또는 해지이력이 없는경우
 ② 개인(신용)정보 수집이용동의 : 0.1% -만기일전일까지 유지시",1,개인 및 개인사업자,100000000,단리,12,3.18,3.68
TD11300036000,0010019,광주은행,The플러스예금,"영업점,스마트폰",▶ 해당사항없음,1,"개인 및 법인(단,국가 지자체 및 금융기관 제외)",1000000000,단리,3,3.4,3.4
TD11300036000,0010019,광주은행,The플러스예금,"영업점,스마트폰",▶ 해당사항없음,1,"개인 및 법인(단,국가 지자체 및 금융기관 제외)",1000000000,단리,6,3.45,3.45
TD11300036000,0010019,광주은행,The플러스예금,"영업점,스마트폰",▶ 해당사항없음,1,"개인 및 법인(단,국가 지자체 및 금융기관 제외)",1000000000,단리,12,3.45,3.45
101272000057,0010020,제주은행,"J정기예금
(만기지급식)","영업점,인터넷,스마트폰","- 아래의 우대요건 충족시 최고 0.5%p 추가 우대 
①비대면 채널 가입시 0.3%제공(신규시제공)  
(단, 이벤트시 디지털 채널에 고시한 우대금리를 추가 적용할 수 있음)
②신규일로부터 만기달 제외한 계약기간의 1/2이상 매월 Jbank로그인 시 0.2%제공(만기시제공)",1,"실명의 
개인 및 
개인사업자",,단리,1,2.3,3.2
101272000057,0010020,제주은행,"J정기예금
(만기지급식)","영업점,인터넷,스마트폰","- 아래의 우대요건 충족시 최고 0.5%p 추가 우대 
①비대면 채널 가입시 0.3%제공(신규시제공)  
(단, 이벤트시 디지털 채널에 고시한 우대금리를 추가 적용할 수 있음)
②신규일로부터 만기달 제외한 계약기간의 1/2이상 매월 Jbank로그인 시 0.2%제공(만기시제공)",1,"실명의 
개인 및 
개인사업자",,단리,3,2.6,3.5
101272000057,0010020,제주은행,"J정기예금
(만기지급식)","영업점,인터넷,스마트폰","- 아래의 우대요건 충족시 최고 0.5%p 추가 우대 
①비대면 채널 가입시 0.3%제공(신규시제공)  
(단, 이벤트시 디지털 채널에 고시한 우대금리를 추가 적용할 수 있음)
②신규일로부터 만기달 제외한 계약기간의 1/2이상 매월 Jbank로그인 시 0.2%제공(만기시제공)",1,"실명의 
개인 및 
개인사업자",,단리,6,3.0,3.7
101272000057,0010020,제주은행,"J정기예금
(만기지급식)","영업점,인터넷,스마트폰","- 아래의 우대요건 충족시 최고 0.5%p 추가 우대 
①비대면 채널 가입시 0.3%제공(신규시제공)  
(단, 이벤트시 디지털 채널에 고시한 우대금리를 추가 적용할 수 있음)
②신규일로부터 만기달 제외한 계약기간의 1/2이상 매월 Jbank로그인 시 0.2%제공(만기시제공)",1,"실명의 
개인 및 
개인사업자",,단리,12,3.1,3.75
101272000057,0010020,제주은행,"J정기예금
(만기지급식)","영업점,인터넷,스마트폰","- 아래의 우대요건 충족시 최고 0.5%p 추가 우대 
①비대면 채널 가입시 0.3%제공(신규시제공)  
(단, 이벤트시 디지털 채널에 고시한 우대금리를 추가 적용할 수 있음)
②신규일로부터 만기달 제외한 계약기간의 1/2이상 매월 Jbank로그인 시 0.2%제공(만기시제공)",1,"실명의 
개인 및 
개인사업자",,단리,24,3.0,3.5
101272000057,0010020,제주은행,"J정기예금
(만기지급식)","영업점,인터넷,스마트폰","- 아래의 우대요건 충족시 최고 0.5%p 추가 우대 
①비대면 채널 가입시 0.3%제공(신규시제공)  
(단, 이벤트시 디지털 채널에 고시한 우대금리를 추가 적용할 수 있음)
②신규일로부터 만기달 제외한 계약기간의 1/2이상 매월 Jbank로그인 시 0.2%제공(만기시제공)",1,"실명의 
개인 및 
개인사업자",,단리,36,3.0,3.5
101272000058,0010020,제주은행,"스마일드림 
정기예금
(개인/만기
지급식)","영업점,인터넷,스마트폰","-아래의 우대요건 충족시 최고0.3% 추가우대(신규시제공)
①김만덕나눔적금 보유 또는 김만적 나눔적금 만기 해지고객 0.2%우대(가입시제공)
②예금가입시 탐나는전 체크카드 보유고객 0.1%우대(가입시제공)
(단, 이벤트시 영업점,디지털채널에 고시한 우대금리를 추가 적용할 수 있음)",1,"실명의
개인 및 
개인사업자",,단리,3,2.6,3.35
101272000058,0010020,제주은행,"스마일드림 
정기예금
(개인/만기
지급식)","영업점,인터넷,스마트폰","-아래의 우대요건 충족시 최고0.3% 추가우대(신규시제공)
①김만덕나눔적금 보유 또는 김만적 나눔적금 만기 해지고객 0.2%우대(가입시제공)
②예금가입시 탐나는전 체크카드 보유고객 0.1%우대(가입시제공)
(단, 이벤트시 영업점,디지털채널에 고시한 우대금리를 추가 적용할 수 있음)",1,"실명의
개인 및 
개인사업자",,단리,6,2.75,3.5
101272000058,0010020,제주은행,"스마일드림 
정기예금
(개인/만기
지급식)","영업점,인터넷,스마트폰","-아래의 우대요건 충족시 최고0.3% 추가우대(신규시제공)
①김만덕나눔적금 보유 또는 김만적 나눔적금 만기 해지고객 0.2%우대(가입시제공)
②예금가입시 탐나는전 체크카드 보유고객 0.1%우대(가입시제공)
(단, 이벤트시 영업점,디지털채널에 고시한 우대금리를 추가 적용할 수 있음)",1,"실명의
개인 및 
개인사업자",,단리,12,2.95,3.7
10-01-20-024-0046-0000,0010022,전북은행,"JB 다이렉트예금통장
(만기일시지급식)","인터넷,스마트폰","우대조건
없음",1,실명의 개인(임의단체 제외,1000000000,단리,3,3.5,3.5
10-01-20-024-0046-0000,0010022,전북은행,"JB 다이렉트예금통장
(만기일시지급식)","인터넷,스마트폰","우대조건
없음",1,실명의 개인(임의단체 제외,1000000000,단리,6,3.55,3.55
10-01-20-024-0046-0000,0010022,전북은행,"JB 다이렉트예금통장
(만기일시지급식)","인터넷,스마트폰","우대조건
없음",1,실명의 개인(임의단체 제외,1000000000,단리,12,3.4,3.4
10-01-20-024-0059-0000,0010022,전북은행,"JB 123 정기예금
 (만기일시지급식","인터넷,스마트폰","자동재예치 우대이율
1회차 0.1%,
2회차 0.2%,
3회차 0.3%",1,실명의 개인 또는 개인사업자 (1인 다계좌 가입 가능함),500000000,단리,12,3.4,3.4
21001115,0010024,경남은행,BNK더조은정기예금,"인터넷,스마트폰","①가입금액 20백만원 이상인 경우 0.20%
②이 예금 신규시 금리우대쿠폰 등록할 경우 0.20%
③ 경남은행 오픈뱅킹 서비스에 가입되어 있는 경우
(만기시까지 해당서비스 유지하는 경우) 0.10%",1,"거래대상자는 제한을 두지 아니한다. 다만, 국가 및 지방자치단체는 이 예금을 거래할 수 없다.",500000000,단리,3,2.45,2.95
21001115,0010024,경남은행,BNK더조은정기예금,"인터넷,스마트폰","①가입금액 20백만원 이상인 경우 0.20%
②이 예금 신규시 금리우대쿠폰 등록할 경우 0.20%
③ 경남은행 오픈뱅킹 서비스에 가입되어 있는 경우
(만기시까지 해당서비스 유지하는 경우) 0.10%",1,"거래대상자는 제한을 두지 아니한다. 다만, 국가 및 지방자치단체는 이 예금을 거래할 수 없다.",500000000,단리,6,2.6,3.1
21001115,0010024,경남은행,BNK더조은정기예금,"인터넷,스마트폰","①가입금액 20백만원 이상인 경우 0.20%
②이 예금 신규시 금리우대쿠폰 등록할 경우 0.20%
③ 경남은행 오픈뱅킹 서비스에 가입되어 있는 경우
(만기시까지 해당서비스 유지하는 경우) 0.10%",1,"거래대상자는 제한을 두지 아니한다. 다만, 국가 및 지방자치단체는 이 예금을 거래할 수 없다.",500000000,단리,12,2.95,3.45
21001115,0010024,경남은행,BNK더조은정기예금,"인터넷,스마트폰","①가입금액 20백만원 이상인 경우 0.20%
②이 예금 신규시 금리우대쿠폰 등록할 경우 0.20%
③ 경남은행 오픈뱅킹 서비스에 가입되어 있는 경우
(만기시까지 해당서비스 유지하는 경우) 0.10%",1,"거래대상자는 제한을 두지 아니한다. 다만, 국가 및 지방자치단체는 이 예금을 거래할 수 없다.",500000000,단리,24,3.05,3.55
21001203,0010024,경남은행,BNK주거래우대정기예금,"인터넷,스마트폰","①급여,연금,가맹점대금 중 한 종류 입금할 경우 0.10%
②당행 신용/체크카드 결제실적 보유할 경우 0.10%
③가입일 기준 6개월이내 당행 정기예금 미보유 신규 고객인 경우 0.10%",1,개인 및 개인사업자,500000000,단리,6,3.15,3.45
21001203,0010024,경남은행,BNK주거래우대정기예금,"인터넷,스마트폰","①급여,연금,가맹점대금 중 한 종류 입금할 경우 0.10%
②당행 신용/체크카드 결제실적 보유할 경우 0.10%
③가입일 기준 6개월이내 당행 정기예금 미보유 신규 고객인 경우 0.10%",1,개인 및 개인사업자,500000000,단리,12,3.4,3.7
21001203,0010024,경남은행,BNK주거래우대정기예금,"인터넷,스마트폰","①급여,연금,가맹점대금 중 한 종류 입금할 경우 0.10%
②당행 신용/체크카드 결제실적 보유할 경우 0.10%
③가입일 기준 6개월이내 당행 정기예금 미보유 신규 고객인 경우 0.10%",1,개인 및 개인사업자,500000000,단리,24,3.45,3.75
21001265,0010024,경남은행,BNK MY 원픽 정기예금,"영업점,인터넷,스마트폰","①창립 54주년 기념 고객감사 0.60%
②다음중 하나의 조건을 충족 시 0.40%
- 정기예금 15일이내 갱신 시
- 계약기간 1/2이상 (계약기간 3개월일 경우 2개월 이상) 급여입금/ 공과금자동이체2건이상/가맹점대금입금 중 택1 
- 계좌신규 시 BNK위더스자유적금 보유",1,"거래대상자는 제한을 두지 아니한다. 다만, 국가 및 지방자치단체는 이 예금을 거래할 수 없다.",200000000,단리,3,2.5,3.5
21001265,0010024,경남은행,BNK MY 원픽 정기예금,"영업점,인터넷,스마트폰","①창립 54주년 기념 고객감사 0.60%
②다음중 하나의 조건을 충족 시 0.40%
- 정기예금 15일이내 갱신 시
- 계약기간 1/2이상 (계약기간 3개월일 경우 2개월 이상) 급여입금/ 공과금자동이체2건이상/가맹점대금입금 중 택1 
- 계좌신규 시 BNK위더스자유적금 보유",1,"거래대상자는 제한을 두지 아니한다. 다만, 국가 및 지방자치단체는 이 예금을 거래할 수 없다.",200000000,단리,6,2.55,3.55
21001265,0010024,경남은행,BNK MY 원픽 정기예금,"영업점,인터넷,스마트폰","①창립 54주년 기념 고객감사 0.60%
②다음중 하나의 조건을 충족 시 0.40%
- 정기예금 15일이내 갱신 시
- 계약기간 1/2이상 (계약기간 3개월일 경우 2개월 이상) 급여입금/ 공과금자동이체2건이상/가맹점대금입금 중 택1 
- 계좌신규 시 BNK위더스자유적금 보유",1,"거래대상자는 제한을 두지 아니한다. 다만, 국가 및 지방자치단체는 이 예금을 거래할 수 없다.",200000000,단리,12,2.55,3.55
21001266,0010024,경남은행,The 든든 예금,"인터넷,스마트폰","①가입고객 누구나 0.80%
②신규고객 우대(최근 12개월 신규이력·해지이력 미보유) 0.20%
③가입금액 1억원이상시 0.10%
④이벤트금리(비대면금리) 0.20%
※ ②, ③ 항목은 가입기간 12개월만 적용",1,"거래대상자는 제한을 두지 아니한다. 다만, 국가 및 지방자치단체는 이 예금을 거래할 수 없다.",1000000000,단리,3,2.5,3.5
21001266,0010024,경남은행,The 든든 예금,"인터넷,스마트폰","①가입고객 누구나 0.80%
②신규고객 우대(최근 12개월 신규이력·해지이력 미보유) 0.20%
③가입금액 1억원이상시 0.10%
④이벤트금리(비대면금리) 0.20%
※ ②, ③ 항목은 가입기간 12개월만 적용",1,"거래대상자는 제한을 두지 아니한다. 다만, 국가 및 지방자치단체는 이 예금을 거래할 수 없다.",1000000000,단리,6,2.55,3.55
21001266,0010024,경남은행,The 든든 예금,"인터넷,스마트폰","①가입고객 누구나 0.80%
②신규고객 우대(최근 12개월 신규이력·해지이력 미보유) 0.20%
③가입금액 1억원이상시 0.10%
④이벤트금리(비대면금리) 0.20%
※ ②, ③ 항목은 가입기간 12개월만 적용",1,"거래대상자는 제한을 두지 아니한다. 다만, 국가 및 지방자치단체는 이 예금을 거래할 수 없다.",1000000000,단리,12,2.55,3.85
01211310121,0010026,중소기업은행,IBK평생한가족통장(실세금리정기예금),"영업점,인터넷,스마트폰","최고 연 0.20%p

-고객별 우대 : 최고 연 0.05%p
 1. 최초신규고객 : 연 0.05%p
 2. 재예치고객 : 연 0.05%p
 3. 장기거래고객 : 연 0.05%p

-주거래우대 : 연 0.15%p",1,"실명의 개인
(개인사업자 제외)",100000000,단리,12,3.45,3.65
01211310121,0010026,중소기업은행,IBK평생한가족통장(실세금리정기예금),"영업점,인터넷,스마트폰","최고 연 0.20%p

-고객별 우대 : 최고 연 0.05%p
 1. 최초신규고객 : 연 0.05%p
 2. 재예치고객 : 연 0.05%p
 3. 장기거래고객 : 연 0.05%p

-주거래우대 : 연 0.15%p",1,"실명의 개인
(개인사업자 제외)",100000000,단리,24,3.5,3.7
01211310121,0010026,중소기업은행,IBK평생한가족통장(실세금리정기예금),"영업점,인터넷,스마트폰","최고 연 0.20%p

-고객별 우대 : 최고 연 0.05%p
 1. 최초신규고객 : 연 0.05%p
 2. 재예치고객 : 연 0.05%p
 3. 장기거래고객 : 연 0.05%p

-주거래우대 : 연 0.15%p",1,"실명의 개인
(개인사업자 제외)",100000000,단리,36,3.6,3.8
01211310130,0010026,중소기업은행,1석7조통장(정기예금),"인터넷,스마트폰",없음,1,"실명의 개인
(개인사업자 제외)",,단리,6,3.33,3.33
01211310130,0010026,중소기업은행,1석7조통장(정기예금),"인터넷,스마트폰",없음,1,"실명의 개인
(개인사업자 제외)",,단리,12,3.33,3.33
01211310130,0010026,중소기업은행,1석7조통장(정기예금),"인터넷,스마트폰",없음,1,"실명의 개인
(개인사업자 제외)",,단리,24,3.33,3.33
01211310130,0010026,중소기업은행,1석7조통장(정기예금),"인터넷,스마트폰",없음,1,"실명의 개인
(개인사업자 제외)",,단리,36,3.31,3.31
06492,0010030,한국산업은행,KDB 정기예금,"영업점,인터넷,스마트폰",해당없음,1,제한없음,,단리,1,3.0,3.0
06492,0010030,한국산업은행,KDB 정기예금,"영업점,인터넷,스마트폰",해당없음,1,제한없음,,단리,3,3.1,3.1
06492,0010030,한국산업은행,KDB 정기예금,"영업점,인터넷,스마트폰",해당없음,1,제한없음,,단리,6,3.4,3.4
06492,0010030,한국산업은행,KDB 정기예금,"영업점,인터넷,스마트폰",해당없음,1,제한없음,,단리,12,3.5,3.5
06492,0010030,한국산업은행,KDB 정기예금,"영업점,인터넷,스마트폰",해당없음,1,제한없음,,단리,24,3.35,3.35
06492,0010030,한국산업은행,KDB 정기예금,"영업점,인터넷,스마트폰",해당없음,1,제한없음,,단리,36,3.35,3.35
010300100335,0010927,국민은행,KB Star 정기예금,"인터넷,스마트폰",해당무,1,실명의 개인 또는 개인사업자,,단리,1,1.8,3.0
010300100335,0010927,국민은행,KB Star 정기예금,"인터넷,스마트폰",해당무,1,실명의 개인 또는 개인사업자,,단리,3,2.2,3.45
010300100335,0010927,국민은행,KB Star 정기예금,"인터넷,스마트폰",해당무,1,실명의 개인 또는 개인사업자,,단리,6,2.3,3.45
010300100335,0010927,국민은행,KB Star 정기예금,"인터넷,스마트폰",해당무,1,실명의 개인 또는 개인사업자,,단리,12,2.6,3.5
010300100335,0010927,국민은행,KB Star 정기예금,"인터넷,스마트폰",해당무,1,실명의 개인 또는 개인사업자,,단리,24,2.7,2.8
010300100335,0010927,국민은행,KB Star 정기예금,"인터넷,스마트폰",해당무,1,실명의 개인 또는 개인사업자,,단리,36,2.8,2.8
200-0135-12,0011625,신한은행,쏠편한 정기예금,"인터넷,스마트폰",해당사항없음,1,만14세이상 개인고객,,단리,1,2.15,3.0
200-0135-12,0011625,신한은행,쏠편한 정기예금,"인터넷,스마트폰",해당사항없음,1,만14세이상 개인고객,,단리,3,2.45,3.45
200-0135-12,0011625,신한은행,쏠편한 정기예금,"인터넷,스마트폰",해당사항없음,1,만14세이상 개인고객,,단리,6,2.75,3.5
200-0135-12,0011625,신한은행,쏠편한 정기예금,"인터넷,스마트폰",해당사항없음,1,만14세이상 개인고객,,단리,12,2.9,3.5
200-0135-12,0011625,신한은행,쏠편한 정기예금,"인터넷,스마트폰",해당사항없음,1,만14세이상 개인고객,,단리,24,2.95,3.0
200-0135-12,0011625,신한은행,쏠편한 정기예금,"인터넷,스마트폰",해당사항없음,1,만14세이상 개인고객,,단리,36,3.0,3.0
10-003-1225-0001,0013175,농협은행주식회사,NH왈츠회전예금 II,"영업점,인터넷,스마트폰","1. 급여이체실적(50만원 이상)이 있는 경우 : 0.1%p
2. 트리플 회전 우대이율 :  4회전기간부터 0.1%p",1,개인,,단리,1,2.95,3.05
10-003-1225-0001,0013175,농협은행주식회사,NH왈츠회전예금 II,"영업점,인터넷,스마트폰","1. 급여이체실적(50만원 이상)이 있는 경우 : 0.1%p
2. 트리플 회전 우대이율 :  4회전기간부터 0.1%p",1,개인,,단리,3,3.35,3.45
10-003-1225-0001,0013175,농협은행주식회사,NH왈츠회전예금 II,"영업점,인터넷,스마트폰","1. 급여이체실적(50만원 이상)이 있는 경우 : 0.1%p
2. 트리플 회전 우대이율 :  4회전기간부터 0.1%p",1,개인,,단리,6,3.35,3.45
10-003-1225-0001,0013175,농협은행주식회사,NH왈츠회전예금 II,"영업점,인터넷,스마트폰","1. 급여이체실적(50만원 이상)이 있는 경우 : 0.1%p
2. 트리플 회전 우대이율 :  4회전기간부터 0.1%p",1,개인,,단리,12,3.5,3.6
10-003-1381-0001,0013175,농협은행주식회사,NH내가Green초록세상예금,"영업점,인터넷,스마트폰","※ 우대금리 최대한도 : 0.4%p(연%, 세전)
1. 온실가스 줄이기 실천서약서 동의 : 0.1%p
2. 통장미발급 : 0.1%p
3. 손하나로인증 서비스 등록 : 0.1%p
4. NH내가Green초록세상적금 동시 보유 : 0.1%p",1,개인,,단리,12,3.1,3.5
10-003-1381-0001,0013175,농협은행주식회사,NH내가Green초록세상예금,"영업점,인터넷,스마트폰","※ 우대금리 최대한도 : 0.4%p(연%, 세전)
1. 온실가스 줄이기 실천서약서 동의 : 0.1%p
2. 통장미발급 : 0.1%p
3. 손하나로인증 서비스 등록 : 0.1%p
4. NH내가Green초록세상적금 동시 보유 : 0.1%p",1,개인,,단리,24,3.15,3.55
10-003-1381-0001,0013175,농협은행주식회사,NH내가Green초록세상예금,"영업점,인터넷,스마트폰","※ 우대금리 최대한도 : 0.4%p(연%, 세전)
1. 온실가스 줄이기 실천서약서 동의 : 0.1%p
2. 통장미발급 : 0.1%p
3. 손하나로인증 서비스 등록 : 0.1%p
4. NH내가Green초록세상적금 동시 보유 : 0.1%p",1,개인,,단리,36,3.4,3.8
10-003-1384-0001,0013175,농협은행주식회사,NH올원e예금,"인터넷,스마트폰",없음,1,개인,1000000000,단리,1,3.0,3.0
10-003-1384-0001,0013175,농협은행주식회사,NH올원e예금,"인터넷,스마트폰",없음,1,개인,1000000000,단리,3,3.45,3.45
10-003-1384-0001,0013175,농협은행주식회사,NH올원e예금,"인터넷,스마트폰",없음,1,개인,1000000000,단리,12,3.6,3.6
10-003-1384-0001,0013175,농협은행주식회사,NH올원e예금,"인터넷,스마트폰",없음,1,개인,1000000000,단리,24,3.23,3.23
10-003-1384-0001,0013175,농협은행주식회사,NH올원e예금,"인터넷,스마트폰",없음,1,개인,1000000000,단리,36,3.4,3.4
10-003-1387-0001,0013175,농협은행주식회사,NH고향사랑기부예금,"영업점,인터넷,스마트폰","1. 고향사랑기부금 납부고객 우대 : 0.5%p

2-1. 만65세 이상 고령자 우대 : 0.1%p
2-2. 만 19~34세 MZ고객 우대 : 0.1%p

3. NH채움카드 또는 [zgm고향으로카드] 이용실적 우대 : 0.1%p
 
4. 고향사랑 특별금리 : 0.1%p (금리시장상황에 따라 변동 가능)
 - 고향사랑 특별금리는 상품 가입고객 모두에게 적용",1,개인,,단리,12,3.1,3.9
4,0013909,하나은행,하나의정기예금,스마트폰,해당사항없음,1,실명의 개인 또는 개인사업자,,단리,1,2.0,3.0
4,0013909,하나은행,하나의정기예금,스마트폰,해당사항없음,1,실명의 개인 또는 개인사업자,,단리,3,2.2,3.45
4,0013909,하나은행,하나의정기예금,스마트폰,해당사항없음,1,실명의 개인 또는 개인사업자,,단리,6,2.3,3.45
4,0013909,하나은행,하나의정기예금,스마트폰,해당사항없음,1,실명의 개인 또는 개인사업자,,단리,12,2.6,3.5
4,0013909,하나은행,하나의정기예금,스마트폰,해당사항없음,1,실명의 개인 또는 개인사업자,,단리,24,2.7,3.0
4,0013909,하나은행,하나의정기예금,스마트폰,해당사항없음,1,실명의 개인 또는 개인사업자,,단리,36,2.8,3.0
01013000110000000001,0014674,주식회사 케이뱅크,코드K 정기예금,스마트폰,우대조건 없음,1,만 17세 이상 실명의 개인 및 개인사업자,1000000000,단리,1,3.05,3.05
01013000110000000001,0014674,주식회사 케이뱅크,코드K 정기예금,스마트폰,우대조건 없음,1,만 17세 이상 실명의 개인 및 개인사업자,1000000000,단리,3,3.5,3.5
01013000110000000001,0014674,주식회사 케이뱅크,코드K 정기예금,스마트폰,우대조건 없음,1,만 17세 이상 실명의 개인 및 개인사업자,1000000000,단리,6,3.55,3.55
01013000110000000001,0014674,주식회사 케이뱅크,코드K 정기예금,스마트폰,우대조건 없음,1,만 17세 이상 실명의 개인 및 개인사업자,1000000000,단리,12,3.55,3.55
01013000110000000001,0014674,주식회사 케이뱅크,코드K 정기예금,스마트폰,우대조건 없음,1,만 17세 이상 실명의 개인 및 개인사업자,1000000000,단리,24,3.2,3.2
01013000110000000001,0014674,주식회사 케이뱅크,코드K 정기예금,스마트폰,우대조건 없음,1,만 17세 이상 실명의 개인 및 개인사업자,1000000000,단리,36,3.2,3.2
10120110400011,0014807,수협은행,"Sh평생주거래우대예금
(만기일시지급식)",영업점,"* 최대우대금리 : 0.4%
1. 거래고객우대금리 : 최대0.1% (신규시) 
 -최초예적금고객/재예치/장기거래 각 0.05% 
2. 거래실적우대금리 : 최대0.3% (만기시)
 -급여,연금이체등/수협카드결제/공과금이체등 각0.1%
※단위:연%p",1,실명의 개인,,단리,12,2.4,2.8
10120114300011,0014807,수협은행,"Sh해양플라스틱Zero!예금
(만기일시지급식)","영업점,인터넷,스마트폰","* 최대우대금리:0.35%
1. 해양플라스틱감축서약 : 0.1% (신규시) 
2. 봉사활동 또는 상품홍보 : 0.15% (만기시) 
3. 입출금통장 최초신규 : 0.1% (만기시)
4. 자동이체 출금실적 : 0.1% (만기시)
 - 수협신용카드 / 당행 펀드 또는 적금 / 수협체크카드
※단위:연%p",1,실명의 개인,500000000,단리,6,3.4,3.75
10120114300011,0014807,수협은행,"Sh해양플라스틱Zero!예금
(만기일시지급식)","영업점,인터넷,스마트폰","* 최대우대금리:0.35%
1. 해양플라스틱감축서약 : 0.1% (신규시) 
2. 봉사활동 또는 상품홍보 : 0.15% (만기시) 
3. 입출금통장 최초신규 : 0.1% (만기시)
4. 자동이체 출금실적 : 0.1% (만기시)
 - 수협신용카드 / 당행 펀드 또는 적금 / 수협체크카드
※단위:연%p",1,실명의 개인,500000000,단리,12,3.4,3.75
10120114700011,0014807,수협은행,헤이(Hey)정기예금,"인터넷,스마트폰",없음,1,실명의 개인,1000000000,단리,3,3.65,3.65
10120114700011,0014807,수협은행,헤이(Hey)정기예금,"인터넷,스마트폰",없음,1,실명의 개인,1000000000,단리,6,3.65,3.65
10120114700011,0014807,수협은행,헤이(Hey)정기예금,"인터넷,스마트폰",없음,1,실명의 개인,1000000000,단리,12,3.65,3.65
10120116100011,0014807,수협은행,Sh첫만남우대예금,"인터넷,스마트폰","* 최대우대금리:1.05%
1. 첫거래우대 : 1.0% (신규시) 
  - 최근 1년간 수협은행 예적금 활동계좌 미보유 고객포함
2. 마케팅전체동의 : 0.05%(신규시) 
3. 스마트폰뱅킹의 상품알리기 : 0.80%(만기시)
※단위:연%p",1,실명의 개인,10000000,단리,12,2.85,3.9
10-01-20-388-0002,0015130,주식회사 카카오뱅크,카카오뱅크 정기예금,스마트폰,※복잡한 우대조건 없이 가입가능한 정기예금,1,만 17세 이상의 실명의 개인,,단리,1,2.7,2.7
10-01-20-388-0002,0015130,주식회사 카카오뱅크,카카오뱅크 정기예금,스마트폰,※복잡한 우대조건 없이 가입가능한 정기예금,1,만 17세 이상의 실명의 개인,,단리,3,3.2,3.2
10-01-20-388-0002,0015130,주식회사 카카오뱅크,카카오뱅크 정기예금,스마트폰,※복잡한 우대조건 없이 가입가능한 정기예금,1,만 17세 이상의 실명의 개인,,단리,6,3.3,3.3
10-01-20-388-0002,0015130,주식회사 카카오뱅크,카카오뱅크 정기예금,스마트폰,※복잡한 우대조건 없이 가입가능한 정기예금,1,만 17세 이상의 실명의 개인,,단리,12,3.3,3.3
10-01-20-388-0002,0015130,주식회사 카카오뱅크,카카오뱅크 정기예금,스마트폰,※복잡한 우대조건 없이 가입가능한 정기예금,1,만 17세 이상의 실명의 개인,,단리,24,3.0,3.0
10-01-20-388-0002,0015130,주식회사 카카오뱅크,카카오뱅크 정기예금,스마트폰,※복잡한 우대조건 없이 가입가능한 정기예금,1,만 17세 이상의 실명의 개인,,단리,36,3.0,3.0
1001202000002,0017801,토스뱅크 주식회사,토스뱅크 먼저 이자 받는 정기예금,스마트폰,우대조건 없음,1,토스뱅크 통장 또는 토스뱅크 서브 통장을 보유한 만 17세 이상 실명의 개인,1000000000,단리,3,3.0,3.0
1001202000002,0017801,토스뱅크 주식회사,토스뱅크 먼저 이자 받는 정기예금,스마트폰,우대조건 없음,1,토스뱅크 통장 또는 토스뱅크 서브 통장을 보유한 만 17세 이상 실명의 개인,1000000000,단리,6,3.0,3.0
WR0001F,0010001,우리은행,우리SUPER주거래적금,"영업점,인터넷,스마트폰,전화(텔레뱅킹)","1. 아래 각 항(가, 나)의 조건을 충족하는 경우 합산 최대 연 1.9%p 우대
가. 우리은행을 처음 거래하시는 고객 : 연 1.0%p
나. 거래실적 인정기간 동안 아래 거래실적을 계약기간별 필수기간(1년 : 6개월, 2년 : 12개월, 3년 : 18개월)이상 충족하는 경우 최대 연 0.9%p",1,실명의 개인,,단리,12,2.75,4.65
WR0001F,0010001,우리은행,우리SUPER주거래적금,"영업점,인터넷,스마트폰,전화(텔레뱅킹)","1. 아래 각 항(가, 나)의 조건을 충족하는 경우 합산 최대 연 1.9%p 우대
가. 우리은행을 처음 거래하시는 고객 : 연 1.0%p
나. 거래실적 인정기간 동안 아래 거래실적을 계약기간별 필수기간(1년 : 6개월, 2년 : 12개월, 3년 : 18개월)이상 충족하는 경우 최대 연 0.9%p",1,실명의 개인,,단리,24,2.8,4.7
WR0001F,0010001,우리은행,우리SUPER주거래적금,"영업점,인터넷,스마트폰,전화(텔레뱅킹)","1. 아래 각 항(가, 나)의 조건을 충족하는 경우 합산 최대 연 1.9%p 우대
가. 우리은행을 처음 거래하시는 고객 : 연 1.0%p
나. 거래실적 인정기간 동안 아래 거래실적을 계약기간별 필수기간(1년 : 6개월, 2년 : 12개월, 3년 : 18개월)이상 충족하는 경우 최대 연 0.9%p",1,실명의 개인,,단리,36,2.85,4.75
WR0001L,0010001,우리은행,WON적금,"스마트폰,전화(텔레뱅킹)","1. 아래 각 항(가, 나)의 조건을 충족하는 경우 합산 최대 연 0.2%p 우대
가. 이 적금을 우리꿈통장, WON통장에 연결하여 가입하는 경우 : 0.1%p
나. 우리 오픈뱅킹 서비스에 타행계좌가 등록되어 있는 경우 : 연 0.1%p",1,실명의 개인,,단리,12,4.0,4.2
00266451,0010002,한국스탠다드차타드은행,퍼스트가계적금,"영업점,인터넷,스마트폰",없음,1,개인(개인사업자 포함),10000000,단리,36,3.45,3.45
00266451,0010002,한국스탠다드차타드은행,퍼스트가계적금,"영업점,인터넷,스마트폰",없음,1,개인(개인사업자 포함),10000000,단리,24,3.4,3.4
00266451,0010002,한국스탠다드차타드은행,퍼스트가계적금,"영업점,인터넷,스마트폰",없음,1,개인(개인사업자 포함),10000000,단리,12,3.35,3.35
00266451,0010002,한국스탠다드차타드은행,퍼스트가계적금,"영업점,인터넷,스마트폰",없음,1,개인(개인사업자 포함),10000000,단리,6,3.1,3.1
10521001000846001,0010016,대구은행,내손안에 적금,스마트폰,"* 최고우대금리 : 연0.55%p
 - 대구은행 인터넷뱅킹,스마트뱅킹을 통하여 최초로 적립식예금 가입 시 : 연0.20%p
 - 상품 가입 전 최근 3개월 이내 대구은행 인터넷,스마트 뱅킹을 통한 이체거래 3회 이상 : 연0.10%p
- 상품 가입 전 수수료우대 통장 보유 고객 : 연0.20%p
* 상품을 스마트뱅킹을 통해 가입 시 : 연0.05%p",1,실명의 개인,1000000,단리,12,3.46,4.01
10521001000846001,0010016,대구은행,내손안에 적금,스마트폰,"* 최고우대금리 : 연0.55%p
 - 대구은행 인터넷뱅킹,스마트뱅킹을 통하여 최초로 적립식예금 가입 시 : 연0.20%p
 - 상품 가입 전 최근 3개월 이내 대구은행 인터넷,스마트 뱅킹을 통한 이체거래 3회 이상 : 연0.10%p
- 상품 가입 전 수수료우대 통장 보유 고객 : 연0.20%p
* 상품을 스마트뱅킹을 통해 가입 시 : 연0.05%p",1,실명의 개인,1000000,단리,24,3.48,4.03
10521001000846001,0010016,대구은행,내손안에 적금,스마트폰,"* 최고우대금리 : 연0.55%p
 - 대구은행 인터넷뱅킹,스마트뱅킹을 통하여 최초로 적립식예금 가입 시 : 연0.20%p
 - 상품 가입 전 최근 3개월 이내 대구은행 인터넷,스마트 뱅킹을 통한 이체거래 3회 이상 : 연0.10%p
- 상품 가입 전 수수료우대 통장 보유 고객 : 연0.20%p
* 상품을 스마트뱅킹을 통해 가입 시 : 연0.05%p",1,실명의 개인,1000000,단리,36,3.5,4.05
10527001000925000,0010016,대구은행,영플러스적금,"영업점,인터넷,스마트폰","* 최고우대금리 : 연0.55%p
- 상품 가입 전 영플러스통장 보유 또는 재예치일 기준 영플러스통장 전월 평잔 10만원 이상 : 연0.10%p
- 예금기간 중 입금횟수 10회 이상 : 연0.10%p
- 입학 및 졸업 축하금리 : 연0.30%p
*상품을 인터넷/스마트뱅크를 통해 가입시 우대 : 연0.05%p",3,만 29세 이하 개인,500000,단리,12,3.66,4.21
10527001001272000,0010016,대구은행,내가만든 보너스적금,"영업점,인터넷,스마트폰","*최고우대금리 : 연0.80%p
-비대면 채널로 신규 : 연0.20%p
-상품 가입 전 마케팅활용[개인(신용)정보,수집,이용동의] 전체 동의 : 연0.20%p
(계약기간 1년인 경우 만기일 기준)
-대구은행 계좌로 자동이체 8회 이상 입금 : 연0.20%p
 -원금 합계 100만원이상 : 연0.10%p 또는 원금합계 200만원이상 : 연0.20%p",1,실명의 개인,200000,단리,12,3.8,4.6
10527001001272000,0010016,대구은행,내가만든 보너스적금,"영업점,인터넷,스마트폰","*최고우대금리 : 연0.80%p
-비대면 채널로 신규 : 연0.20%p
-상품 가입 전 마케팅활용[개인(신용)정보,수집,이용동의] 전체 동의 : 연0.20%p
(계약기간 1년인 경우 만기일 기준)
-대구은행 계좌로 자동이체 8회 이상 입금 : 연0.20%p
 -원금 합계 100만원이상 : 연0.10%p 또는 원금합계 200만원이상 : 연0.20%p",1,실명의 개인,200000,단리,6,3.05,3.85
10527001001278000,0010016,대구은행,IM스마트적금,"인터넷,스마트폰","* 최고우대금리 : 연0.45%p
- 가입일로부터 3개월 이내 1가지 이상 요건 충족시 : 연0.20%p
① 대구은행 주택청약종합저축 보유
② 대구은행 신용(체크)카드 결제실적 보유
- 전체 계약월수 중 1/2이상 DGB대구은행 계좌에서 자동이체 납입 시 : 연0.20%p
* 상품을 인터넷/스마트뱅크를 통해 가입시 우대 : 연0.05%p",1,실명의 개인,1000000,단리,6,2.75,3.2
10527001001278000,0010016,대구은행,IM스마트적금,"인터넷,스마트폰","* 최고우대금리 : 연0.45%p
- 가입일로부터 3개월 이내 1가지 이상 요건 충족시 : 연0.20%p
① 대구은행 주택청약종합저축 보유
② 대구은행 신용(체크)카드 결제실적 보유
- 전체 계약월수 중 1/2이상 DGB대구은행 계좌에서 자동이체 납입 시 : 연0.20%p
* 상품을 인터넷/스마트뱅크를 통해 가입시 우대 : 연0.05%p",1,실명의 개인,1000000,단리,12,3.45,3.9
10527001001278000,0010016,대구은행,IM스마트적금,"인터넷,스마트폰","* 최고우대금리 : 연0.45%p
- 가입일로부터 3개월 이내 1가지 이상 요건 충족시 : 연0.20%p
① 대구은행 주택청약종합저축 보유
② 대구은행 신용(체크)카드 결제실적 보유
- 전체 계약월수 중 1/2이상 DGB대구은행 계좌에서 자동이체 납입 시 : 연0.20%p
* 상품을 인터넷/스마트뱅크를 통해 가입시 우대 : 연0.05%p",1,실명의 개인,1000000,단리,24,3.5,3.95
10527001001278000,0010016,대구은행,IM스마트적금,"인터넷,스마트폰","* 최고우대금리 : 연0.45%p
- 가입일로부터 3개월 이내 1가지 이상 요건 충족시 : 연0.20%p
① 대구은행 주택청약종합저축 보유
② 대구은행 신용(체크)카드 결제실적 보유
- 전체 계약월수 중 1/2이상 DGB대구은행 계좌에서 자동이체 납입 시 : 연0.20%p
* 상품을 인터넷/스마트뱅크를 통해 가입시 우대 : 연0.05%p",1,실명의 개인,1000000,단리,36,3.55,4.0
01020400490001,0010017,부산은행,펫 적금,"영업점,스마트폰","*우대이율 6개월제 최대 0.55%, 12개월제 최대 0.90%",1,실명의 개인고객(1인 1계좌),500000,단리,6,3.0,3.55
01020400490001,0010017,부산은행,펫 적금,"영업점,스마트폰","*우대이율 6개월제 최대 0.55%, 12개월제 최대 0.90%",1,실명의 개인고객(1인 1계좌),500000,단리,12,3.5,4.4
01020400490002,0010017,부산은행,펫 적금,"영업점,스마트폰","*우대이율 6개월제 최대 0.55%, 12개월제 최대 0.90%",1,실명의 개인고객(1인 1계좌),500000,단리,6,3.1,3.65
01020400490002,0010017,부산은행,펫 적금,"영업점,스마트폰","*우대이율 6개월제 최대 0.55%, 12개월제 최대 0.90%",1,실명의 개인고객(1인 1계좌),500000,단리,12,3.6,4.5
01020400510001,0010017,부산은행,"저탄소 실천
적금","영업점,인터넷,스마트폰","조건 달성여부에 따라 우대금리 적용
*개인형 우대이율: 최대0.4%
*기업형(개인사업자 및 법인)우대이율: 최대0.4%",1,제한없음,10000000,단리,36,3.05,3.45
01020400510001,0010017,부산은행,"저탄소 실천
적금","영업점,인터넷,스마트폰","조건 달성여부에 따라 우대금리 적용
*개인형 우대이율: 최대0.4%
*기업형(개인사업자 및 법인)우대이율: 최대0.4%",1,제한없음,10000000,단리,24,3.05,3.45
01020400510001,0010017,부산은행,"저탄소 실천
적금","영업점,인터넷,스마트폰","조건 달성여부에 따라 우대금리 적용
*개인형 우대이율: 최대0.4%
*기업형(개인사업자 및 법인)우대이율: 최대0.4%",1,제한없음,10000000,단리,12,3.35,3.75
01020400510001,0010017,부산은행,"저탄소 실천
적금","영업점,인터넷,스마트폰","조건 달성여부에 따라 우대금리 적용
*개인형 우대이율: 최대0.4%
*기업형(개인사업자 및 법인)우대이율: 최대0.4%",1,제한없음,10000000,단리,6,3.05,3.45
01020400530001,0010017,부산은행,"BNK내맘대로 
적금","영업점,인터넷,스마트폰","*우대이율 최대 0.2%
- 신규시 우대이율 0.05% 및 해지시 우대이율 최대 0.15%",1,제한없음,,단리,6,2.9,3.1
01020400530001,0010017,부산은행,"BNK내맘대로 
적금","영업점,인터넷,스마트폰","*우대이율 최대 0.2%
- 신규시 우대이율 0.05% 및 해지시 우대이율 최대 0.15%",1,제한없음,,단리,12,3.0,3.2
01020400530001,0010017,부산은행,"BNK내맘대로 
적금","영업점,인터넷,스마트폰","*우대이율 최대 0.2%
- 신규시 우대이율 0.05% 및 해지시 우대이율 최대 0.15%",1,제한없음,,단리,24,2.5,2.7
01020400530001,0010017,부산은행,"BNK내맘대로 
적금","영업점,인터넷,스마트폰","*우대이율 최대 0.2%
- 신규시 우대이율 0.05% 및 해지시 우대이율 최대 0.15%",1,제한없음,,단리,36,2.5,2.7
1020400640001,0010017,부산은행,BNK아기천사적금,스마트폰,*우대이율 최대 6.00%,1,실명의 개인고객(1인 1계좌),300000,단리,12,2.0,8.0
1020400640001,0010017,부산은행,BNK아기천사적금,스마트폰,*우대이율 최대 6.00%,1,실명의 개인고객(1인 1계좌),300000,단리,24,2.0,8.0
TD11330029000,0010019,광주은행,해피라이프_여행스케치적금V,"영업점,스마트폰","▶ 최고우대금리 1.20%p  
①해피라이프_여행스케치외화적금V 동일자가입 0.5%p 
②해지원금 기준 500만원이상 : 최고0.2%p
③신용(체크)카드사용실적300만원이상:최고 0.3%p
④개인(신용)정보 동의: 0.2%p",1,"제한없음(단,국가및지방자치단체제외)",5000000,단리,36,3.3,4.5
TD11330029000,0010019,광주은행,해피라이프_여행스케치적금V,"영업점,스마트폰","▶ 최고우대금리 1.20%p  
①해피라이프_여행스케치외화적금V 동일자가입 0.5%p 
②해지원금 기준 500만원이상 : 최고0.2%p
③신용(체크)카드사용실적300만원이상:최고 0.3%p
④개인(신용)정보 동의: 0.2%p",1,"제한없음(단,국가및지방자치단체제외)",5000000,단리,24,3.2,4.4
TD11330029000,0010019,광주은행,해피라이프_여행스케치적금V,"영업점,스마트폰","▶ 최고우대금리 1.20%p  
①해피라이프_여행스케치외화적금V 동일자가입 0.5%p 
②해지원금 기준 500만원이상 : 최고0.2%p
③신용(체크)카드사용실적300만원이상:최고 0.3%p
④개인(신용)정보 동의: 0.2%p",1,"제한없음(단,국가및지방자치단체제외)",5000000,단리,12,3.1,4.3
TD11330029000,0010019,광주은행,해피라이프_여행스케치적금V,"영업점,스마트폰","▶ 최고우대금리 1.20%p  
①해피라이프_여행스케치외화적금V 동일자가입 0.5%p 
②해지원금 기준 500만원이상 : 최고0.2%p
③신용(체크)카드사용실적300만원이상:최고 0.3%p
④개인(신용)정보 동의: 0.2%p",1,"제한없음(단,국가및지방자치단체제외)",5000000,단리,6,2.9,4.1
TD11330030000,0010019,광주은행,여행스케치_남도투어적금,"영업점,스마트폰","▶ 최고우대금리 1.9%p 
①예금가입일~만기일전일까지 당행이선정한 전라남도 관광지 방문 인증시 : 최고 1.5%p
②신용(체크)카드사용실적300만원이상:최고 0.3%p
③개인(신용)정보 동의: 0.1%p",1,만14세이상 개인 및 개인사업자,1000000,단리,12,3.2,5.1
TD11330031000,0010019,광주은행,VIP플러스적금,"영업점,인터넷,스마트폰","▶ 최고우대금리 0.50%p  
①이 예금가입시 VIP고객이거나 가입일 이후부터 만기일전일까지 VIP고객에 선정된 경험이 있는 경우 : 0.3%p 
②이 예금 가입일에 정기예금 500만원이상(만기 1년이상) 가입하고 만기일 전일까지 유지한 경우 : 0.2%p",1,실명의 개인,5000000,단리,12,3.6,4.1
TD11330032000,0010019,광주은행,텔레파시적금,스마트폰,"▶ 최고우대금리 0.80%p  
 ①전전월말 기준 예적금 등 계좌 및 거래가 없는경우: 0.8%p 
 ②당행 적금계좌 만기 해지일로부터 1개월 이내 이 예금으로 재가입한 고객: 0.5%p
▶ 퀴즈이벤트금리 최고 2.00%p
  - 최대 참여가능 횟수 20회 X 회당 우대금리 연 0.1%p",1,실명의 개인,500000,단리,12,3.2,6.0
220002101,0010020,제주은행,jbank 저금통적금,"인터넷,스마트폰","* 거래조건에 따라 최고 2.1%p 우대금리 적용
① 자투리 출금계좌 평잔 50만원 이상 유지 : 0.8%p
② 첫거래고객 or JBANK저금통적금 1개월 내 재신규 : 0.5%p
③ 신규가입 시점에서 적금 목표금액 최소 30만원 이상 설정하고, 적금 신규일로부터 3개월 내 잔액이 목표금액 이상인 경우 :0.5%p
④ 추천인 우대금리 : 0.30%p",1,개인 및 개인사업자,500000,단리,6,3.15,5.25
220002101,0010020,제주은행,jbank 저금통적금,"인터넷,스마트폰","* 거래조건에 따라 최고 2.1%p 우대금리 적용
① 자투리 출금계좌 평잔 50만원 이상 유지 : 0.8%p
② 첫거래고객 or JBANK저금통적금 1개월 내 재신규 : 0.5%p
③ 신규가입 시점에서 적금 목표금액 최소 30만원 이상 설정하고, 적금 신규일로부터 3개월 내 잔액이 목표금액 이상인 경우 :0.5%p
④ 추천인 우대금리 : 0.30%p",1,개인 및 개인사업자,500000,단리,12,3.45,5.55
220002501,0010020,제주은행,MZ 플랜적금,"영업점,인터넷,스마트폰","①매월 1회이상 지속적 납입시:1년제: 0.50%
② 목표 금액 달성:0.50%
③ 신용카드,체크카드 합산 사용액 월10만원 이상 사용: 0.50%
* 청년이니까응원합니다 이벤트 : 0.50%",1,개인 및 개인사업자,300000,단리,24,4.0,6.0
220002501,0010020,제주은행,MZ 플랜적금,"영업점,인터넷,스마트폰","①매월 1회이상 지속적 납입시:1년제: 0.50%
② 목표 금액 달성:0.50%
③ 신용카드,체크카드 합산 사용액 월10만원 이상 사용: 0.50%
* 청년이니까응원합니다 이벤트 : 0.50%",1,개인 및 개인사업자,300000,단리,12,3.8,5.8
220002701,0010020,제주은행,탐이나요적금,"인터넷,스마트폰","아래의 우대요건 충족시 최고 2.7%p 추가 우대(만기시 제공)
(공통)매월 JBANK로그인 시 0.2%
 한 가지라도 수행시 2.5% 제공
①추천인 코드로 3명 이상 가입시 
②탐나는전 체크카드 월30만원 이상 사용 유지 시 
③탐나는전 선불카드 충전계좌를 당행 입출금계좌로 등록 후 평잔 50만원 이상 유지 시",1,개인 및 개인사업자,1000000,단리,6,2.3,5.0
220002701,0010020,제주은행,탐이나요적금,"인터넷,스마트폰","아래의 우대요건 충족시 최고 2.7%p 추가 우대(만기시 제공)
(공통)매월 JBANK로그인 시 0.2%
 한 가지라도 수행시 2.5% 제공
①추천인 코드로 3명 이상 가입시 
②탐나는전 체크카드 월30만원 이상 사용 유지 시 
③탐나는전 선불카드 충전계좌를 당행 입출금계좌로 등록 후 평잔 50만원 이상 유지 시",1,개인 및 개인사업자,1000000,단리,12,2.5,5.2
10-01-30-031-0018-0000,0010022,전북은행,JB 다이렉트적금(자유적립식),"인터넷,스마트폰","추가우대금리 :
당행 계좌간 자동이체를 통해 이 예금으로 자동이체 된 금액에 0.1% 금리 우대",1,실명의 개인 및 개인사업자(임의단체 제외),10000000,단리,12,3.35,3.45
10-01-30-031-0018-0000,0010022,전북은행,JB 다이렉트적금(자유적립식),"인터넷,스마트폰","추가우대금리 :
당행 계좌간 자동이체를 통해 이 예금으로 자동이체 된 금액에 0.1% 금리 우대",1,실명의 개인 및 개인사업자(임의단체 제외),10000000,단리,24,3.45,3.55
10-01-30-031-0018-0000,0010022,전북은행,JB 다이렉트적금(자유적립식),"인터넷,스마트폰","추가우대금리 :
당행 계좌간 자동이체를 통해 이 예금으로 자동이체 된 금액에 0.1% 금리 우대",1,실명의 개인 및 개인사업자(임의단체 제외),10000000,단리,36,3.45,3.55
10-01-30-031-0036,0010022,전북은행,JB 다이렉트적금(정액적립식),"인터넷,스마트폰","추가우대금리 :
당행 계좌간 자동이체를 통해 6회이상 입금한 경우 
연 0.1% 금리우대",1,실명의 개인 및 개인사업자(임의단체 제외),5000000,단리,12,3.45,3.55
10-01-30-031-0036,0010022,전북은행,JB 다이렉트적금(정액적립식),"인터넷,스마트폰","추가우대금리 :
당행 계좌간 자동이체를 통해 6회이상 입금한 경우 
연 0.1% 금리우대",1,실명의 개인 및 개인사업자(임의단체 제외),5000000,단리,24,3.55,3.65
10-01-30-031-0036,0010022,전북은행,JB 다이렉트적금(정액적립식),"인터넷,스마트폰","추가우대금리 :
당행 계좌간 자동이체를 통해 6회이상 입금한 경우 
연 0.1% 금리우대",1,실명의 개인 및 개인사업자(임의단체 제외),5000000,단리,36,3.55,3.65
10-01-30-031-0038-0000,0010022,전북은행,JB 골든에이지 적금,"영업점,스마트폰","우대조건 충족시 최고 연1.2% 이내(단, 우대이율은 만기해지시 제공)
1. 6회이상 급여또는 연금이체 실적 연 0.50%
2. JB카드 사용금액 조건을 충족한 경우 (연0.30% ~ 연0.50%)
3. 신규시 당행 입출금 통장으로 자동해지를 신청한 경우 연 0.20%

※거래실적 인정기준 세부내용은 홈페이지 참조",1,실명의 개인 및 개인사업자(1인 1계좌),500000,단리,12,3.15,4.35
10-01-30-031-0048-0000,0010022,전북은행,JB 최강전북 축구사랑 적금,"영업점,인터넷,스마트폰","우대조건 충족시 최고 연1.8% 이내(단, 우대이율은 만기해지시 제공)
1. 전북현대모터스 득점골수 우대 (최고 0.40%)
2. 전북현대모터스 우승우대(최고 1.00%우대)
3. 전북현대 도움왕/득점왕 연 0.20%
4. 6회이상 당행 자동이체 납부를 통해 월부금 납입시 연 0.20%

※거래실적 인정기준 세부내용은 홈페이지 참조",1,실명의 개임 및 개인사업자(1인 1계좌),1000000,단리,12,3.2,5.0
10-01-30-031-0049-0000,0010022,전북은행,3초 플레이 적금,스마트폰,"1. 만기 전전월까지 게임 50회 참여시 0.9%
2. 3초 플레이 적금 게임에 참여하여 획득한 점수 총 합에 따라 추가 우대금리 (연0.5% ~ 연3.0%)
3. 가입기간 내 오픈뱅킹을 통해 계좌 추가 등록/유지시 우대 0.1%

※거래실적 인정기준 세부내용은 홈페이지 참조",1,실명의 개인 및 개인사업자(1인 1계좌),500000,단리,6,2.0,6.0
21000111,0010024,경남은행,행복Dream적금,"영업점,인터넷,스마트폰","①신규일로부터 6개월전까지 당행 적금 미보유 0.2%
②월부금이 50만원 이상인 경우 0.20%
③이 예금을 자동이체로 납입하는 경우 0.2%
④신용(체크)카드 최초발급 후 10만원 이내 이용 0.2%
⑤ 전자명함을 통한 신규 시 0.2%",1,개인 및 개인사업자,,단리,36,3.8,4.8
21000111,0010024,경남은행,행복Dream적금,"영업점,인터넷,스마트폰","①신규일로부터 6개월전까지 당행 적금 미보유 0.2%
②월부금이 50만원 이상인 경우 0.20%
③이 예금을 자동이체로 납입하는 경우 0.2%
④신용(체크)카드 최초발급 후 10만원 이내 이용 0.2%
⑤ 전자명함을 통한 신규 시 0.2%",1,개인 및 개인사업자,,단리,24,3.7,4.7
21000111,0010024,경남은행,행복Dream적금,"영업점,인터넷,스마트폰","①신규일로부터 6개월전까지 당행 적금 미보유 0.2%
②월부금이 50만원 이상인 경우 0.20%
③이 예금을 자동이체로 납입하는 경우 0.2%
④신용(체크)카드 최초발급 후 10만원 이내 이용 0.2%
⑤ 전자명함을 통한 신규 시 0.2%",1,개인 및 개인사업자,,단리,12,3.6,4.6
21001116,0010024,경남은행,BNK더조은자유적금,"인터넷,스마트폰","①오픈뱅킹서비스 가입 0.20%(만기까지 유지)
②당행 입출금통장에서 자동이체시 입금건별 0.20%
③이 상품 신규시 금리우대쿠폰을 등록할 경우 0.30%",1,"거래대상자는 제한을 두지 아니한다. 다만, 국가 및 지방자치단체는 이 예금을 거래할 수 없다.",5000000,단리,6,3.45,4.15
21001116,0010024,경남은행,BNK더조은자유적금,"인터넷,스마트폰","①오픈뱅킹서비스 가입 0.20%(만기까지 유지)
②당행 입출금통장에서 자동이체시 입금건별 0.20%
③이 상품 신규시 금리우대쿠폰을 등록할 경우 0.30%",1,"거래대상자는 제한을 두지 아니한다. 다만, 국가 및 지방자치단체는 이 예금을 거래할 수 없다.",5000000,단리,12,3.75,4.45
21001116,0010024,경남은행,BNK더조은자유적금,"인터넷,스마트폰","①오픈뱅킹서비스 가입 0.20%(만기까지 유지)
②당행 입출금통장에서 자동이체시 입금건별 0.20%
③이 상품 신규시 금리우대쿠폰을 등록할 경우 0.30%",1,"거래대상자는 제한을 두지 아니한다. 다만, 국가 및 지방자치단체는 이 예금을 거래할 수 없다.",5000000,단리,24,3.85,4.55
21001199,0010024,경남은행,BNK 위더스(With-us)자유적금,"영업점,인터넷,스마트폰,기타","①ESG 실천 우대금리 0.50%
②신규고객 우대금리 0.50%
- 당행 1년 이내예적금(청약포함)신규해지 이력미보유
③공동가입우대금리 1.50%
④창립 54주년 이벤트금리(~6.7), 선착순2,000명 한정: 0.50% (가입기간 12개월만 해당)",1,개인 및 개인사업자,1000000,단리,1,2.5,5.0
21001199,0010024,경남은행,BNK 위더스(With-us)자유적금,"영업점,인터넷,스마트폰,기타","①ESG 실천 우대금리 0.50%
②신규고객 우대금리 0.50%
- 당행 1년 이내예적금(청약포함)신규해지 이력미보유
③공동가입우대금리 1.50%
④창립 54주년 이벤트금리(~6.7), 선착순2,000명 한정: 0.50% (가입기간 12개월만 해당)",1,개인 및 개인사업자,1000000,단리,6,2.75,5.25
21001199,0010024,경남은행,BNK 위더스(With-us)자유적금,"영업점,인터넷,스마트폰,기타","①ESG 실천 우대금리 0.50%
②신규고객 우대금리 0.50%
- 당행 1년 이내예적금(청약포함)신규해지 이력미보유
③공동가입우대금리 1.50%
④창립 54주년 이벤트금리(~6.7), 선착순2,000명 한정: 0.50% (가입기간 12개월만 해당)",1,개인 및 개인사업자,1000000,단리,12,3.05,6.05
21001199,0010024,경남은행,BNK 위더스(With-us)자유적금,"영업점,인터넷,스마트폰,기타","①ESG 실천 우대금리 0.50%
②신규고객 우대금리 0.50%
- 당행 1년 이내예적금(청약포함)신규해지 이력미보유
③공동가입우대금리 1.50%
④창립 54주년 이벤트금리(~6.7), 선착순2,000명 한정: 0.50% (가입기간 12개월만 해당)",1,개인 및 개인사업자,1000000,단리,24,3.15,5.65
21001199,0010024,경남은행,BNK 위더스(With-us)자유적금,"영업점,인터넷,스마트폰,기타","①ESG 실천 우대금리 0.50%
②신규고객 우대금리 0.50%
- 당행 1년 이내예적금(청약포함)신규해지 이력미보유
③공동가입우대금리 1.50%
④창립 54주년 이벤트금리(~6.7), 선착순2,000명 한정: 0.50% (가입기간 12개월만 해당)",1,개인 및 개인사업자,1000000,단리,36,3.25,5.75
21001236,0010024,경남은행,주거래프리미엄적금,"영업점,인터넷,스마트폰","①주거래우대 0.50%
②공과금 자동이체 0.40~0.60%
③신규고객 0.20%
④주택청약종합저축 보유 0.10%
⑤ 전자명함을 통한 신규 시 0.2%",1,개인 및 개인사업자,,단리,36,3.65,5.25
21001236,0010024,경남은행,주거래프리미엄적금,"영업점,인터넷,스마트폰","①주거래우대 0.50%
②공과금 자동이체 0.40~0.60%
③신규고객 0.20%
④주택청약종합저축 보유 0.10%
⑤ 전자명함을 통한 신규 시 0.2%",1,개인 및 개인사업자,,단리,24,3.6,5.2
21001236,0010024,경남은행,주거래프리미엄적금,"영업점,인터넷,스마트폰","①주거래우대 0.50%
②공과금 자동이체 0.40~0.60%
③신규고객 0.20%
④주택청약종합저축 보유 0.10%
⑤ 전자명함을 통한 신규 시 0.2%",1,개인 및 개인사업자,,단리,12,3.55,5.15
21001259,0010024,경남은행,오늘도세이브적금,"인터넷,스마트폰,기타","①마케팅동의 0.15%
②목돈마련 축하이율 0.30~1.00%
③친구 추천번호 0.30~0.60%",1,실명의 개인 및 개인사업자,,단리,1,3.45,5.2
21001259,0010024,경남은행,오늘도세이브적금,"인터넷,스마트폰,기타","①마케팅동의 0.15%
②목돈마련 축하이율 0.30~1.00%
③친구 추천번호 0.30~0.60%",1,실명의 개인 및 개인사업자,,단리,3,3.45,5.2
21001259,0010024,경남은행,오늘도세이브적금,"인터넷,스마트폰,기타","①마케팅동의 0.15%
②목돈마련 축하이율 0.30~1.00%
③친구 추천번호 0.30~0.60%",1,실명의 개인 및 개인사업자,,단리,6,3.45,5.2
21001268,0010024,경남은행,터치적금,스마트폰,"①첫거래고객(적금가입 전일기준 당행 활동계좌 미보유) 2.50%
②기간내 적금 입금일마다 0.10%씩 우대(최대2.50%)
③마케팅동의 및 모바일메세지 수신동의 만기유지 시 0.50%",1,실명의 개인 및 개인사업자,,단리,1,2.5,8.0
01211210113,0010026,중소기업은행,IBK D-day적금(자유적립식),스마트폰,"최고 연 1.5%p
1. 목표달성 축하금리 : 연 1.0%p
  - 당행 입출금식 계좌에서 이 적금으로 자동이체를 통해 3회 이상 납입하고 만기일 전일까지 목표금액(신규 시 직접 설정) 이상 납입하는 경우
2. 최초거래고객 우대금리 : 연 0.5%p",1,"실명의 개인
(개인사업자 제외)",600000,단리,1,3.2,4.7
01211210113,0010026,중소기업은행,IBK D-day적금(자유적립식),스마트폰,"최고 연 1.5%p
1. 목표달성 축하금리 : 연 1.0%p
  - 당행 입출금식 계좌에서 이 적금으로 자동이체를 통해 3회 이상 납입하고 만기일 전일까지 목표금액(신규 시 직접 설정) 이상 납입하는 경우
2. 최초거래고객 우대금리 : 연 0.5%p",1,"실명의 개인
(개인사업자 제외)",600000,단리,3,3.2,4.7
01211210113,0010026,중소기업은행,IBK D-day적금(자유적립식),스마트폰,"최고 연 1.5%p
1. 목표달성 축하금리 : 연 1.0%p
  - 당행 입출금식 계좌에서 이 적금으로 자동이체를 통해 3회 이상 납입하고 만기일 전일까지 목표금액(신규 시 직접 설정) 이상 납입하는 경우
2. 최초거래고객 우대금리 : 연 0.5%p",1,"실명의 개인
(개인사업자 제외)",600000,단리,6,3.4,4.9
01211210113,0010026,중소기업은행,IBK D-day적금(자유적립식),스마트폰,"최고 연 1.5%p
1. 목표달성 축하금리 : 연 1.0%p
  - 당행 입출금식 계좌에서 이 적금으로 자동이체를 통해 3회 이상 납입하고 만기일 전일까지 목표금액(신규 시 직접 설정) 이상 납입하는 경우
2. 최초거래고객 우대금리 : 연 0.5%p",1,"실명의 개인
(개인사업자 제외)",600000,단리,12,3.6,5.1
01211210121,0010026,중소기업은행,IBK탄소제로적금(자유적립식),스마트폰,"최고 연 4.00%p
1. 에너지 절감 우대금리 : 최대 연 0.20%p
2. 최초거래고객 우대금리 : 연 0.10%p
3. 지로 또는 공과금 자동이체 우대금리 : 연 1.00%p",1,"실명의 개인
(개인사업자 제외)",1000000,단리,12,3.0,7.0
01211210122,0010026,중소기업은행,"IBK중기근로자우대적금
(자유적립식)","영업점,스마트폰","최고 연 2.20%p
1. 가입시점 중소기업 근로자로 확인된 경우 : 재직기간에 따라 최고 연 1.2%p
2. 당행 급여이체 실적(월50만원 이상) 6개월 이상
   인 경우 : 연 1.0%p",3,"중소기업에서 근무하는
실명의 개인
(개인사업자 제외)",1000000,단리,12,3.5,5.7
03101,0010030,한국산업은행,KDB 기업정기적금,"영업점,인터넷",해당없음,1,"개인사업자, 조합(비영리법인 포함), 법인",,단리,36,2.94,2.94
03101,0010030,한국산업은행,KDB 기업정기적금,"영업점,인터넷",해당없음,1,"개인사업자, 조합(비영리법인 포함), 법인",,단리,24,2.9,2.9
03101,0010030,한국산업은행,KDB 기업정기적금,"영업점,인터넷",해당없음,1,"개인사업자, 조합(비영리법인 포함), 법인",,단리,12,2.88,2.88
03101,0010030,한국산업은행,KDB 기업정기적금,"영업점,인터넷",해당없음,1,"개인사업자, 조합(비영리법인 포함), 법인",,단리,6,2.89,2.89
03700,0010030,한국산업은행,KDB 자유적금,"영업점,인터넷,스마트폰",해당없음,1,"개인, 개인사업자, 임의단체",5000000,단리,1,3.1,3.1
03700,0010030,한국산업은행,KDB 자유적금,"영업점,인터넷,스마트폰",해당없음,1,"개인, 개인사업자, 임의단체",5000000,단리,3,3.1,3.1
03700,0010030,한국산업은행,KDB 자유적금,"영업점,인터넷,스마트폰",해당없음,1,"개인, 개인사업자, 임의단체",5000000,단리,6,3.29,3.29
03700,0010030,한국산업은행,KDB 자유적금,"영업점,인터넷,스마트폰",해당없음,1,"개인, 개인사업자, 임의단체",5000000,단리,12,3.38,3.38
03700,0010030,한국산업은행,KDB 자유적금,"영업점,인터넷,스마트폰",해당없음,1,"개인, 개인사업자, 임의단체",5000000,단리,24,3.4,3.4
03700,0010030,한국산업은행,KDB 자유적금,"영업점,인터넷,스마트폰",해당없음,1,"개인, 개인사업자, 임의단체",5000000,단리,36,3.44,3.44
010200100051,0010927,국민은행,KB국민프리미엄적금(정액),"영업점,인터넷,스마트폰,전화(텔레뱅킹)","① 단체가입/나라사랑/쿠폰 우대이율: 
    1년: 연 0.6%p, 2년: 연 0.7%p,
    3년: 연 0.9%p, 5년: 연 1.0%p 
   (중복적용되지 않음, 계약기간별차등적용)
② 교차거래 우대이율: 연 0.3%p",1,실명의 개인,,단리,12,2.75,3.65
010200100051,0010927,국민은행,KB국민프리미엄적금(정액),"영업점,인터넷,스마트폰,전화(텔레뱅킹)","① 단체가입/나라사랑/쿠폰 우대이율: 
    1년: 연 0.6%p, 2년: 연 0.7%p,
    3년: 연 0.9%p, 5년: 연 1.0%p 
   (중복적용되지 않음, 계약기간별차등적용)
② 교차거래 우대이율: 연 0.3%p",1,실명의 개인,,단리,24,2.95,3.95
010200100051,0010927,국민은행,KB국민프리미엄적금(정액),"영업점,인터넷,스마트폰,전화(텔레뱅킹)","① 단체가입/나라사랑/쿠폰 우대이율: 
    1년: 연 0.6%p, 2년: 연 0.7%p,
    3년: 연 0.9%p, 5년: 연 1.0%p 
   (중복적용되지 않음, 계약기간별차등적용)
② 교차거래 우대이율: 연 0.3%p",1,실명의 개인,,단리,36,3.05,4.25
010200100084,0010927,국민은행,KB맑은하늘적금,"영업점,인터넷,스마트폰","맑은하늘을 위한 미션별 제공조건을 달성하는 경우 우대이율 제공
 -1년제 최고 연 0.8%p, 2년제 최고 연 0.9%p, 3년제 최고 연 1.0%p
① 종이통장 줄이기 미션: 연 0.1%p
② 종이서식 줄이기 미션: 연 0.2%p
③ 대중교통 미션: 1년제 연 0.4%p, 2년제 연 0.5%p, 3년제 연 0.6%p
④ 퀴즈미션: 연 0.1%p",1,실명의 개인,,단리,36,3.05,4.05
010200100084,0010927,국민은행,KB맑은하늘적금,"영업점,인터넷,스마트폰","맑은하늘을 위한 미션별 제공조건을 달성하는 경우 우대이율 제공
 -1년제 최고 연 0.8%p, 2년제 최고 연 0.9%p, 3년제 최고 연 1.0%p
① 종이통장 줄이기 미션: 연 0.1%p
② 종이서식 줄이기 미션: 연 0.2%p
③ 대중교통 미션: 1년제 연 0.4%p, 2년제 연 0.5%p, 3년제 연 0.6%p
④ 퀴즈미션: 연 0.1%p",1,실명의 개인,,단리,24,2.75,3.65
010200100084,0010927,국민은행,KB맑은하늘적금,"영업점,인터넷,스마트폰","맑은하늘을 위한 미션별 제공조건을 달성하는 경우 우대이율 제공
 -1년제 최고 연 0.8%p, 2년제 최고 연 0.9%p, 3년제 최고 연 1.0%p
① 종이통장 줄이기 미션: 연 0.1%p
② 종이서식 줄이기 미션: 연 0.2%p
③ 대중교통 미션: 1년제 연 0.4%p, 2년제 연 0.5%p, 3년제 연 0.6%p
④ 퀴즈미션: 연 0.1%p",1,실명의 개인,,단리,12,2.55,3.35
010200100092,0010927,국민은행,KB반려행복적금,스마트폰,"항목별 적용 조건 충족시, 최고 연 1.5%p
① 반려동물 등록: 연 0.2%p
② 미지(유기)입양: 연 0.2%p
③ 반려동물애정활동: 연 0.2%p
④ 반려동물요금제: 연 0.2%p
⑤ KB거래감사: 연 0.2%p
⑥ KB첫거래: 연 0.5%p",1,실명의 개인,,단리,12,3.0,4.5
010200100092,0010927,국민은행,KB반려행복적금,스마트폰,"항목별 적용 조건 충족시, 최고 연 1.5%p
① 반려동물 등록: 연 0.2%p
② 미지(유기)입양: 연 0.2%p
③ 반려동물애정활동: 연 0.2%p
④ 반려동물요금제: 연 0.2%p
⑤ KB거래감사: 연 0.2%p
⑥ KB첫거래: 연 0.5%p",1,실명의 개인,,단리,24,3.3,4.8
010200100092,0010927,국민은행,KB반려행복적금,스마트폰,"항목별 적용 조건 충족시, 최고 연 1.5%p
① 반려동물 등록: 연 0.2%p
② 미지(유기)입양: 연 0.2%p
③ 반려동물애정활동: 연 0.2%p
④ 반려동물요금제: 연 0.2%p
⑤ KB거래감사: 연 0.2%p
⑥ KB첫거래: 연 0.5%p",1,실명의 개인,,단리,36,3.5,5.0
010200100104,0010927,국민은행,KB 특★한 적금,스마트폰,"항목별 적용 조건 충족시, 최고 연 4.0%p
① 목표달성 축하 우대이율: 최고 연 1.0%p
    50만원 이하: 연 0.5%p, 50만원 초과: 연 1.0%p 
② 별 모으기 우대이율 : 최고 연 1.0%p
    10개: 연 0.5%p, 20개: 연 1.0%p
③ 함께해요 우대이율: 최고 연 2.0%p",1,실명의 개인,,단리,1,2.0,6.0
010200100104,0010927,국민은행,KB 특★한 적금,스마트폰,"항목별 적용 조건 충족시, 최고 연 4.0%p
① 목표달성 축하 우대이율: 최고 연 1.0%p
    50만원 이하: 연 0.5%p, 50만원 초과: 연 1.0%p 
② 별 모으기 우대이율 : 최고 연 1.0%p
    10개: 연 0.5%p, 20개: 연 1.0%p
③ 함께해요 우대이율: 최고 연 2.0%p",1,실명의 개인,,단리,3,2.0,6.0
010200100104,0010927,국민은행,KB 특★한 적금,스마트폰,"항목별 적용 조건 충족시, 최고 연 4.0%p
① 목표달성 축하 우대이율: 최고 연 1.0%p
    50만원 이하: 연 0.5%p, 50만원 초과: 연 1.0%p 
② 별 모으기 우대이율 : 최고 연 1.0%p
    10개: 연 0.5%p, 20개: 연 1.0%p
③ 함께해요 우대이율: 최고 연 2.0%p",1,실명의 개인,,단리,6,2.0,6.0
010200100109,0010927,국민은행,KB차차차 적금,스마트폰,"항목별 적용 조건 충족시, 최고 연 5.5%p
① 혜택수신 우대이율: 연 1.0%p
② KB패밀리 우대이율: 연 1.0%p
③ KB국민인증 우대이율: 연0.5%p 
④ 내차든든 우대이율: 연 3.0%P",1,만19세이상 실명의 개인,,단리,12,2.5,8.0
230-0118-14,0011625,신한은행,"한 달부터 적금
(매주입금)","영업점,스마트폰","※가산금리 최고 연 2.0%
- 주 납입: 총 납입 회차의 90%이상 납입 달성",1,제한없음,100000,단리,12,2.5,4.5
230-0118-14,0011625,신한은행,"한 달부터 적금
(매주입금)","영업점,스마트폰","※가산금리 최고 연 2.0%
- 주 납입: 총 납입 회차의 90%이상 납입 달성",1,제한없음,100000,단리,6,2.5,4.5
230-0118-14,0011625,신한은행,"한 달부터 적금
(매주입금)","영업점,스마트폰","※가산금리 최고 연 2.0%
- 주 납입: 총 납입 회차의 90%이상 납입 달성",1,제한없음,100000,단리,3,2.5,4.5
230-0118-14,0011625,신한은행,"한 달부터 적금
(매주입금)","영업점,스마트폰","※가산금리 최고 연 2.0%
- 주 납입: 총 납입 회차의 90%이상 납입 달성",1,제한없음,100000,단리,1,2.5,4.5
230-0119-85,0011625,신한은행,신한 알.쏠 적금,"영업점,스마트폰","※가산금리 최고 연 1.30%
- 소득이체 : 연 0.6%
- 카드이용 : 연 0.3%
- 오픈뱅킹 : 연 0.6%
- 청약보유 : 연 0.3%
- 마케팅동의 : 연 0.1%
※ 우대금리 항목별 자세한 적용 조건은 상품설명서 참조",1,제한없음,3000000,단리,12,3.0,4.3
230-0119-85,0011625,신한은행,신한 알.쏠 적금,"영업점,스마트폰","※가산금리 최고 연 1.30%
- 소득이체 : 연 0.6%
- 카드이용 : 연 0.3%
- 오픈뱅킹 : 연 0.6%
- 청약보유 : 연 0.3%
- 마케팅동의 : 연 0.1%
※ 우대금리 항목별 자세한 적용 조건은 상품설명서 참조",1,제한없음,3000000,단리,24,3.1,4.4
230-0119-85,0011625,신한은행,신한 알.쏠 적금,"영업점,스마트폰","※가산금리 최고 연 1.30%
- 소득이체 : 연 0.6%
- 카드이용 : 연 0.3%
- 오픈뱅킹 : 연 0.6%
- 청약보유 : 연 0.3%
- 마케팅동의 : 연 0.1%
※ 우대금리 항목별 자세한 적용 조건은 상품설명서 참조",1,제한없음,3000000,단리,36,3.2,4.5
10-047-1360-0002,0013175,농협은행주식회사,NH올원e 미니적금,스마트폰,"1. 자동이체 입금횟수 우대금리 : 최고 0.5%p
 - 5회이상 : 0.2%p, 10회이상 : 0.3%p, 15회이상 0.5%p
2. 목표금액 달성 축하금리  : 0.5%p
3. MZ세대(만 19~34세)) 우대금리 : 0.5%p
4. 직전 1년간 당행 예적금(청약포함) 미보유 고객 : 0.2%p",1,개인,1550000,단리,1,2.7,4.4
10-047-1360-0002,0013175,농협은행주식회사,NH올원e 미니적금,스마트폰,"1. 자동이체 입금횟수 우대금리 : 최고 0.5%p
 - 5회이상 : 0.2%p, 10회이상 : 0.3%p, 15회이상 0.5%p
2. 목표금액 달성 축하금리  : 0.5%p
3. MZ세대(만 19~34세)) 우대금리 : 0.5%p
4. 직전 1년간 당행 예적금(청약포함) 미보유 고객 : 0.2%p",1,개인,1550000,단리,3,2.8,4.5
10-047-1360-0002,0013175,농협은행주식회사,NH올원e 미니적금,스마트폰,"1. 자동이체 입금횟수 우대금리 : 최고 0.5%p
 - 5회이상 : 0.2%p, 10회이상 : 0.3%p, 15회이상 0.5%p
2. 목표금액 달성 축하금리  : 0.5%p
3. MZ세대(만 19~34세)) 우대금리 : 0.5%p
4. 직전 1년간 당행 예적금(청약포함) 미보유 고객 : 0.2%p",1,개인,1550000,단리,6,3.0,4.7
10-047-1365-0001,0013175,농협은행주식회사,NH1934월복리적금,"영업점,인터넷,스마트폰","1. 급여실적 : 1.0%p (①/② 중복 적용 불가)
 ① 급여이체 실적 : 1.0%p
 ② 개인사업자 계좌 실적 :1.0%p
2. 비대면 채널 이체 실적 : 0.3%p
3. 마케팅 동의 : 0.2%p
4. 농업계고 및 청년농부사관학교 졸업자 : 2.0%p",3,만19세~만34세 개인 및 개인사업자,500000,복리,6,3.0,6.5
10-047-1365-0001,0013175,농협은행주식회사,NH1934월복리적금,"영업점,인터넷,스마트폰","1. 급여실적 : 1.0%p (①/② 중복 적용 불가)
 ① 급여이체 실적 : 1.0%p
 ② 개인사업자 계좌 실적 :1.0%p
2. 비대면 채널 이체 실적 : 0.3%p
3. 마케팅 동의 : 0.2%p
4. 농업계고 및 청년농부사관학교 졸업자 : 2.0%p",3,만19세~만34세 개인 및 개인사업자,500000,복리,12,3.1,6.6
10-047-1365-0001,0013175,농협은행주식회사,NH1934월복리적금,"영업점,인터넷,스마트폰","1. 급여실적 : 1.0%p (①/② 중복 적용 불가)
 ① 급여이체 실적 : 1.0%p
 ② 개인사업자 계좌 실적 :1.0%p
2. 비대면 채널 이체 실적 : 0.3%p
3. 마케팅 동의 : 0.2%p
4. 농업계고 및 청년농부사관학교 졸업자 : 2.0%p",3,만19세~만34세 개인 및 개인사업자,500000,복리,24,3.15,6.65
10-047-1381-0001,0013175,농협은행주식회사,NH내가Green초록세상적금,"영업점,인터넷,스마트폰","※ 우대금리 최대한도 : 1.0%p(연%, 세전)
1. 온실가스 줄이기 실천서약서 동의 : 0.1%p
2. 통장미발급 : 0.3%p
3. 손하나로인증 서비스 등록 : 0.2%p
4. 대중교통이용 : 0.2%p
5. NH내가Green초록세상예금 동시 보유 : 0.2%p",1,개인,500000,단리,36,3.4,4.4
10-047-1381-0001,0013175,농협은행주식회사,NH내가Green초록세상적금,"영업점,인터넷,스마트폰","※ 우대금리 최대한도 : 1.0%p(연%, 세전)
1. 온실가스 줄이기 실천서약서 동의 : 0.1%p
2. 통장미발급 : 0.3%p
3. 손하나로인증 서비스 등록 : 0.2%p
4. 대중교통이용 : 0.2%p
5. NH내가Green초록세상예금 동시 보유 : 0.2%p",1,개인,500000,단리,24,3.15,4.15
10-047-1381-0001,0013175,농협은행주식회사,NH내가Green초록세상적금,"영업점,인터넷,스마트폰","※ 우대금리 최대한도 : 1.0%p(연%, 세전)
1. 온실가스 줄이기 실천서약서 동의 : 0.1%p
2. 통장미발급 : 0.3%p
3. 손하나로인증 서비스 등록 : 0.2%p
4. 대중교통이용 : 0.2%p
5. NH내가Green초록세상예금 동시 보유 : 0.2%p",1,개인,500000,단리,12,3.1,4.1
10-047-1387-0001,0013175,농협은행주식회사,NH고향사랑기부적금,"영업점,인터넷,스마트폰","1. 고향사랑기부금 납부고객 우대 : 0.5%p

2-1. 만 65세 이상 고령자 우대 : 0.1%p
2-2. 만 19~34세 MZ고객 우대 : 0.3%p

3. NH채움카드 또는 [zgm.고향으로 카드] 이용실적 우대 : 0.1%p

4. 고향사랑특별금리 : 0.1%p(금리시장상황에 따라 변동 가능)
 - 고향사랑특별금리는 상품 가입고객 모두에게 적용",1,개인,500000,단리,12,3.4,4.4
10-047-1387-0001,0013175,농협은행주식회사,NH고향사랑기부적금,"영업점,인터넷,스마트폰","1. 고향사랑기부금 납부고객 우대 : 0.5%p

2-1. 만 65세 이상 고령자 우대 : 0.1%p
2-2. 만 19~34세 MZ고객 우대 : 0.3%p

3. NH채움카드 또는 [zgm.고향으로 카드] 이용실적 우대 : 0.1%p

4. 고향사랑특별금리 : 0.1%p(금리시장상황에 따라 변동 가능)
 - 고향사랑특별금리는 상품 가입고객 모두에게 적용",1,개인,500000,단리,24,3.45,4.45
10-047-1387-0001,0013175,농협은행주식회사,NH고향사랑기부적금,"영업점,인터넷,스마트폰","1. 고향사랑기부금 납부고객 우대 : 0.5%p

2-1. 만 65세 이상 고령자 우대 : 0.1%p
2-2. 만 19~34세 MZ고객 우대 : 0.3%p

3. NH채움카드 또는 [zgm.고향으로 카드] 이용실적 우대 : 0.1%p

4. 고향사랑특별금리 : 0.1%p(금리시장상황에 따라 변동 가능)
 - 고향사랑특별금리는 상품 가입고객 모두에게 적용",1,개인,500000,단리,36,3.7,4.7
10-059-1264-0001,0013175,농협은행주식회사,NH직장인월복리적금,"영업점,인터넷,스마트폰","1. 급여입금실적 보유 고객 중
 - 가입기간 중 3개월 이상 급여이체시 : 0.3%p
 - 주택청약종합저축 또는 펀드가입 : 0.2%p
 - NH채움카드 결제실적 1백만원 이상 : 0.2%p
2. 인터넷(스마트)뱅킹 또는 올원뱅크로 가입 : 0.1%p",3,만18세이상 개인,3000000,복리,12,3.38,4.18
10-059-1264-0001,0013175,농협은행주식회사,NH직장인월복리적금,"영업점,인터넷,스마트폰","1. 급여입금실적 보유 고객 중
 - 가입기간 중 3개월 이상 급여이체시 : 0.3%p
 - 주택청약종합저축 또는 펀드가입 : 0.2%p
 - NH채움카드 결제실적 1백만원 이상 : 0.2%p
2. 인터넷(스마트)뱅킹 또는 올원뱅크로 가입 : 0.1%p",3,만18세이상 개인,3000000,복리,24,3.25,4.05
10-059-1264-0001,0013175,농협은행주식회사,NH직장인월복리적금,"영업점,인터넷,스마트폰","1. 급여입금실적 보유 고객 중
 - 가입기간 중 3개월 이상 급여이체시 : 0.3%p
 - 주택청약종합저축 또는 펀드가입 : 0.2%p
 - NH채움카드 결제실적 1백만원 이상 : 0.2%p
2. 인터넷(스마트)뱅킹 또는 올원뱅크로 가입 : 0.1%p",3,만18세이상 개인,3000000,복리,36,3.42,4.22
52,0013909,하나은행,주거래하나 월복리적금,"영업점,인터넷,스마트폰","최고 연1.0%
- 주거래하나우대(연 0.5%) : 적금만기 전전월말기준 본인명의 당행입출금통장을 통해 계약기간 1/2이상 이체된 주거래실적 1종  - 주거래플러스우대(연 0.9%) : 주거래 하나우대와 동일요건의 거래실적 2종이상 경우 
- 온라인.재예치우대 연 최대 0.1%",1,"실명의 개인
또는 개인사업자",3000000,복리,12,3.55,4.55
52,0013909,하나은행,주거래하나 월복리적금,"영업점,인터넷,스마트폰","최고 연1.0%
- 주거래하나우대(연 0.5%) : 적금만기 전전월말기준 본인명의 당행입출금통장을 통해 계약기간 1/2이상 이체된 주거래실적 1종  - 주거래플러스우대(연 0.9%) : 주거래 하나우대와 동일요건의 거래실적 2종이상 경우 
- 온라인.재예치우대 연 최대 0.1%",1,"실명의 개인
또는 개인사업자",3000000,복리,24,3.65,4.65
52,0013909,하나은행,주거래하나 월복리적금,"영업점,인터넷,스마트폰","최고 연1.0%
- 주거래하나우대(연 0.5%) : 적금만기 전전월말기준 본인명의 당행입출금통장을 통해 계약기간 1/2이상 이체된 주거래실적 1종  - 주거래플러스우대(연 0.9%) : 주거래 하나우대와 동일요건의 거래실적 2종이상 경우 
- 온라인.재예치우대 연 최대 0.1%",1,"실명의 개인
또는 개인사업자",3000000,복리,36,3.75,4.75
53,0013909,하나은행,내맘적금,"영업점,인터넷,스마트폰,전화(텔레뱅킹)",하나은행 통장에서 계약기간의 1/2이상 월부금 자동이체실적 충족 시 연 0.50%,1,"실명의 개인
또는 개인사업자(1인 다계좌 가능)",10000000,단리,36,3.45,3.95
53,0013909,하나은행,내맘적금,"영업점,인터넷,스마트폰,전화(텔레뱅킹)",하나은행 통장에서 계약기간의 1/2이상 월부금 자동이체실적 충족 시 연 0.50%,1,"실명의 개인
또는 개인사업자(1인 다계좌 가능)",10000000,단리,24,3.35,3.85
53,0013909,하나은행,내맘적금,"영업점,인터넷,스마트폰,전화(텔레뱅킹)",하나은행 통장에서 계약기간의 1/2이상 월부금 자동이체실적 충족 시 연 0.50%,1,"실명의 개인
또는 개인사업자(1인 다계좌 가능)",10000000,단리,12,3.25,3.75
53,0013909,하나은행,내맘적금,"영업점,인터넷,스마트폰,전화(텔레뱅킹)",하나은행 통장에서 계약기간의 1/2이상 월부금 자동이체실적 충족 시 연 0.50%,1,"실명의 개인
또는 개인사업자(1인 다계좌 가능)",10000000,단리,6,3.15,3.65
01012000200000000003,0014674,주식회사 케이뱅크,코드K 자유적금,스마트폰,금리우대 코드를 입력하는 경우 우대금리 적용,1,만 17세 이상 실명의 개인 및 개인사업자,300000,단리,1,3.3,3.3
01012000200000000003,0014674,주식회사 케이뱅크,코드K 자유적금,스마트폰,금리우대 코드를 입력하는 경우 우대금리 적용,1,만 17세 이상 실명의 개인 및 개인사업자,300000,단리,3,3.5,3.5
01012000200000000003,0014674,주식회사 케이뱅크,코드K 자유적금,스마트폰,금리우대 코드를 입력하는 경우 우대금리 적용,1,만 17세 이상 실명의 개인 및 개인사업자,300000,단리,6,3.6,3.6
01012000200000000003,0014674,주식회사 케이뱅크,코드K 자유적금,스마트폰,금리우대 코드를 입력하는 경우 우대금리 적용,1,만 17세 이상 실명의 개인 및 개인사업자,300000,단리,12,4.2,4.2
01012000200000000003,0014674,주식회사 케이뱅크,코드K 자유적금,스마트폰,금리우대 코드를 입력하는 경우 우대금리 적용,1,만 17세 이상 실명의 개인 및 개인사업자,300000,단리,24,4.25,4.25
01012000200000000003,0014674,주식회사 케이뱅크,코드K 자유적금,스마트폰,금리우대 코드를 입력하는 경우 우대금리 적용,1,만 17세 이상 실명의 개인 및 개인사업자,300000,단리,36,4.3,4.3
01012000210000000000,0014674,주식회사 케이뱅크,주거래우대 자유적금,스마트폰,"급여이체 또는 통신비 자동이체, 체크카드 고객에게 우대금리 제공 (최고 연 0.6%)",1,만 17세 이상 실명의 개인 및 개인사업자,3000000,단리,36,4.2,4.8
01012000210000000000,0014674,주식회사 케이뱅크,주거래우대 자유적금,스마트폰,"급여이체 또는 통신비 자동이체, 체크카드 고객에게 우대금리 제공 (최고 연 0.6%)",1,만 17세 이상 실명의 개인 및 개인사업자,3000000,단리,24,4.15,4.75
01012000210000000000,0014674,주식회사 케이뱅크,주거래우대 자유적금,스마트폰,"급여이체 또는 통신비 자동이체, 체크카드 고객에게 우대금리 제공 (최고 연 0.6%)",1,만 17세 이상 실명의 개인 및 개인사업자,3000000,단리,12,4.1,4.7
01012000210000000000,0014674,주식회사 케이뱅크,주거래우대 자유적금,스마트폰,"급여이체 또는 통신비 자동이체, 체크카드 고객에게 우대금리 제공 (최고 연 0.6%)",1,만 17세 이상 실명의 개인 및 개인사업자,3000000,단리,6,3.5,4.1
10140110400011,0014807,수협은행,Sh평생주거래우대적금,영업점,"*최대우대금리:1.2%
신규시적용금리
-자동이체출금3건이상:0.2%
-최초예적금고객/재예치/장기거래각0.05%(최대0.1%)
만기시적용금리:최대0.9%
-급여,연금이체/수협카드결제각0.3%
-공과금이체최대0.3%
※단위:연%p",1,실명의 개인,1000000,단리,12,2.6,3.8
10140110400011,0014807,수협은행,Sh평생주거래우대적금,영업점,"*최대우대금리:1.2%
신규시적용금리
-자동이체출금3건이상:0.2%
-최초예적금고객/재예치/장기거래각0.05%(최대0.1%)
만기시적용금리:최대0.9%
-급여,연금이체/수협카드결제각0.3%
-공과금이체최대0.3%
※단위:연%p",1,실명의 개인,1000000,단리,24,2.7,3.9
10140110400011,0014807,수협은행,Sh평생주거래우대적금,영업점,"*최대우대금리:1.2%
신규시적용금리
-자동이체출금3건이상:0.2%
-최초예적금고객/재예치/장기거래각0.05%(최대0.1%)
만기시적용금리:최대0.9%
-급여,연금이체/수협카드결제각0.3%
-공과금이체최대0.3%
※단위:연%p",1,실명의 개인,1000000,단리,36,2.8,4.0
10140114300011,0014807,수협은행,"Sh해양플라스틱Zero!적금
(정액적립식)","영업점,인터넷,스마트폰","* 최대우대금리:0.5%
1. 해양플라스틱감축서약 : 0.1% (신규시) 
2. 봉사활동 또는 상품홍보 : 0.2% (만기시) 
3. 입출금통장 최초신규 : 0.2% (만기시)
4. 자동이체 출금실적 : 0.2% (만기시)
 - 수협신용카드 / 당행 펀드 / 수협체크카드
※단위:연%p",1,실명의 개인,1000000,단리,12,3.5,4.0
10140114300011,0014807,수협은행,"Sh해양플라스틱Zero!적금
(정액적립식)","영업점,인터넷,스마트폰","* 최대우대금리:0.5%
1. 해양플라스틱감축서약 : 0.1% (신규시) 
2. 봉사활동 또는 상품홍보 : 0.2% (만기시) 
3. 입출금통장 최초신규 : 0.2% (만기시)
4. 자동이체 출금실적 : 0.2% (만기시)
 - 수협신용카드 / 당행 펀드 / 수협체크카드
※단위:연%p",1,실명의 개인,1000000,단리,24,3.0,3.5
10140114300011,0014807,수협은행,"Sh해양플라스틱Zero!적금
(정액적립식)","영업점,인터넷,스마트폰","* 최대우대금리:0.5%
1. 해양플라스틱감축서약 : 0.1% (신규시) 
2. 봉사활동 또는 상품홍보 : 0.2% (만기시) 
3. 입출금통장 최초신규 : 0.2% (만기시)
4. 자동이체 출금실적 : 0.2% (만기시)
 - 수협신용카드 / 당행 펀드 / 수협체크카드
※단위:연%p",1,실명의 개인,1000000,단리,36,3.3,3.8
10140114700031,0014807,수협은행,헤이(Hey)적금(정액적립식),스마트폰,"* 최대우대금리:0.9%
1. 마케팅동의 : 0.1% (신규시) 
2. 자동이체 납입 : 0.8% (만기시) 

※단위:연%p",1,실명의 개인,1000000,단리,12,3.6,4.5
10140114700031,0014807,수협은행,헤이(Hey)적금(정액적립식),스마트폰,"* 최대우대금리:0.9%
1. 마케팅동의 : 0.1% (신규시) 
2. 자동이체 납입 : 0.8% (만기시) 

※단위:연%p",1,실명의 개인,1000000,단리,6,3.6,4.5
10141109800021,0014807,수협은행,Sh월복리자유적금,"영업점,인터넷,스마트폰","*최대우대금리:0.7%
-첫거래고객:0.3%
-카드거래:최대0.3%
-복수거래:0.1%
-요구불거래:최대0.2%
-인터넷뱅킹고객:0.1%
-자동이체실적:0.1%
※단위:연%p",1,실명의 개인 및 개인사업자,1000000,복리,12,2.2,2.9
10141109800021,0014807,수협은행,Sh월복리자유적금,"영업점,인터넷,스마트폰","*최대우대금리:0.7%
-첫거래고객:0.3%
-카드거래:최대0.3%
-복수거래:0.1%
-요구불거래:최대0.2%
-인터넷뱅킹고객:0.1%
-자동이체실적:0.1%
※단위:연%p",1,실명의 개인 및 개인사업자,1000000,복리,24,1.8,2.5
10141109800021,0014807,수협은행,Sh월복리자유적금,"영업점,인터넷,스마트폰","*최대우대금리:0.7%
-첫거래고객:0.3%
-카드거래:최대0.3%
-복수거래:0.1%
-요구불거래:최대0.2%
-인터넷뱅킹고객:0.1%
-자동이체실적:0.1%
※단위:연%p",1,실명의 개인 및 개인사업자,1000000,복리,36,1.9,2.6
10141114300011,0014807,수협은행,"Sh해양플라스틱Zero!적금
(자유적립식)","영업점,인터넷,스마트폰","* 최대우대금리:0.5%
1. 해양플라스틱감축서약 : 0.1% (신규시) 
2. 봉사활동 또는 상품홍보 : 0.2% (만기시) 
3. 입출금통장 최초신규 : 0.2% (만기시)
4. 자동이체 출금실적 : 0.2% (만기시)
 - 수협신용카드 / 당행 펀드 / 수협체크카드
※단위:연%p",1,실명의 개인,200000,단리,12,3.15,3.65
10141114300011,0014807,수협은행,"Sh해양플라스틱Zero!적금
(자유적립식)","영업점,인터넷,스마트폰","* 최대우대금리:0.5%
1. 해양플라스틱감축서약 : 0.1% (신규시) 
2. 봉사활동 또는 상품홍보 : 0.2% (만기시) 
3. 입출금통장 최초신규 : 0.2% (만기시)
4. 자동이체 출금실적 : 0.2% (만기시)
 - 수협신용카드 / 당행 펀드 / 수협체크카드
※단위:연%p",1,실명의 개인,200000,단리,24,2.35,2.85
10141114300011,0014807,수협은행,"Sh해양플라스틱Zero!적금
(자유적립식)","영업점,인터넷,스마트폰","* 최대우대금리:0.5%
1. 해양플라스틱감축서약 : 0.1% (신규시) 
2. 봉사활동 또는 상품홍보 : 0.2% (만기시) 
3. 입출금통장 최초신규 : 0.2% (만기시)
4. 자동이체 출금실적 : 0.2% (만기시)
 - 수협신용카드 / 당행 펀드 / 수협체크카드
※단위:연%p",1,실명의 개인,200000,단리,36,2.35,2.85
10141114700031,0014807,수협은행,헤이(Hey)적금(자유적립식),스마트폰,"* 최대우대금리:0.9%
1. 마케팅동의 : 0.1% (신규시) 
2. 자동이체 납입 : 0.8% (만기시) 

※단위:연%p",1,실명의 개인,1000000,단리,6,3.6,4.5
10141114700031,0014807,수협은행,헤이(Hey)적금(자유적립식),스마트폰,"* 최대우대금리:0.9%
1. 마케팅동의 : 0.1% (신규시) 
2. 자동이체 납입 : 0.8% (만기시) 

※단위:연%p",1,실명의 개인,1000000,단리,12,3.6,4.5
10-01-30-355-0002,0015130,주식회사 카카오뱅크,카카오뱅크 자유적금,스마트폰,"자동이체시 우대금리 제공 : 연 0.20%p
 - 제공조건 : 전체 계약월수의 1/2이상을 자동이체로 납입하고 만기 해지하는 경우
 - 유의사항 : 만기 자동연장된 원리금은 우대금리를 제공하지 않음",1,만 17세 이상의 실명의 개인,,단리,36,3.5,3.7
10-01-30-355-0002,0015130,주식회사 카카오뱅크,카카오뱅크 자유적금,스마트폰,"자동이체시 우대금리 제공 : 연 0.20%p
 - 제공조건 : 전체 계약월수의 1/2이상을 자동이체로 납입하고 만기 해지하는 경우
 - 유의사항 : 만기 자동연장된 원리금은 우대금리를 제공하지 않음",1,만 17세 이상의 실명의 개인,,단리,24,3.5,3.7
10-01-30-355-0002,0015130,주식회사 카카오뱅크,카카오뱅크 자유적금,스마트폰,"자동이체시 우대금리 제공 : 연 0.20%p
 - 제공조건 : 전체 계약월수의 1/2이상을 자동이체로 납입하고 만기 해지하는 경우
 - 유의사항 : 만기 자동연장된 원리금은 우대금리를 제공하지 않음",1,만 17세 이상의 실명의 개인,,단리,12,3.5,3.7
10-01-30-355-0002,0015130,주식회사 카카오뱅크,카카오뱅크 자유적금,스마트폰,"자동이체시 우대금리 제공 : 연 0.20%p
 - 제공조건 : 전체 계약월수의 1/2이상을 자동이체로 납입하고 만기 해지하는 경우
 - 유의사항 : 만기 자동연장된 원리금은 우대금리를 제공하지 않음",1,만 17세 이상의 실명의 개인,,단리,6,3.3,3.5
10-01-30-355-0005,0015130,주식회사 카카오뱅크,카카오뱅크 26주적금,스마트폰,"자동이체 연속 성공 우대금리 제공 : 최고 연 3.00%p
- 제공조건
① 7주차까지 자동이체 납입을 연속 성공하고 만기해지 하는 경우 연 1.00%p 제공
② 26주차까지 자동이체 납입을 연속 성공하고 만기해지 하는 경우 연 2.00%p 추가 제공
- 유의사항 : 자동이체 실패한 주차를 빈자리채우기 하여도 성공으로 인정되지 않음",1,만 17세 이상의 실명의 개인,,단리,6,2.5,5.5
10-01-30-355-0006,0015130,주식회사 카카오뱅크,카카오뱅크 한달적금,스마트폰,"매일/보너스 우대금리 제공 : 최고 연 5.50%p
- 제공조건
① 매일 우대금리 : 매 입금 시 마다 연 0.10%p 제공(최대 연 3.10%p)
② 보너스 우대금리 : 누적하여 5/10/15/20/25/31회 입금 시 해당 우대금리 제공(최대 연 2.40%p)
- 유의사항 : 만기 해지하는 경우에만 제공",1,만 17세 이상의 실명의 개인,,단리,1,1.5,7.0
1001303001001,0017801,토스뱅크 주식회사,토스뱅크 키워봐요 적금,스마트폰,· 적금 가입 시 설정되는 주 단위 자동이체를 통하여 25회 이상 적립한 경우 : 연 2.00% 제공,1,· 토스뱅크 통장 또는 토스뱅크 서브 통장을 보유한 실명의 개인,1000000,단리,6,2.0,4.0
1001303001003,0017801,토스뱅크 주식회사,토스뱅크 굴비 적금,스마트폰,· 만기 해지 시 : 연 2.50% 제공,1,· 토스뱅크 통장 또는 토스뱅크 서브 통장을 보유한 실명의 개인,300000,단리,6,2.0,4.5
1001303001004,0017801,토스뱅크 주식회사,토스뱅크 자유 적금,스마트폰,· 적금 가입 시 설정되는 월 단위 자동이체를 모두 성공하는 경우 : 연 0.50% 제공,1,· 토스뱅크 통장 또는 토스뱅크 서브 통장을 보유한 실명의 개인,3000000,단리,3,1.5,2.0
1001303001004,0017801,토스뱅크 주식회사,토스뱅크 자유 적금,스마트폰,· 적금 가입 시 설정되는 월 단위 자동이체를 모두 성공하는 경우 : 연 0.50% 제공,1,· 토스뱅크 통장 또는 토스뱅크 서브 통장을 보유한 실명의 개인,3000000,단리,6,2.0,2.5
1001303001004,0017801,토스뱅크 주식회사,토스뱅크 자유 적금,스마트폰,· 적금 가입 시 설정되는 월 단위 자동이체를 모두 성공하는 경우 : 연 0.50% 제공,1,· 토스뱅크 통장 또는 토스뱅크 서브 통장을 보유한 실명의 개인,3000000,단리,12,3.0,3.5
1001303001004,0017801,토스뱅크 주식회사,토스뱅크 자유 적금,스마트폰,· 적금 가입 시 설정되는 월 단위 자동이체를 모두 성공하는 경우 : 연 0.50% 제공,1,· 토스뱅크 통장 또는 토스뱅크 서브 통장을 보유한 실명의 개인,3000000,단리,24,3.0,3.5
1001303001004,0017801,토스뱅크 주식회사,토스뱅크 자유 적금,스마트폰,· 적금 가입 시 설정되는 월 단위 자동이체를 모두 성공하는 경우 : 연 0.50% 제공,1,· 토스뱅크 통장 또는 토스뱅크 서브 통장을 보유한 실명의 개인,3000000,단리,36,3.0,3.5
1001303001005,0017801,토스뱅크 주식회사,토스뱅크 아이 적금,스마트폰,· 적금 가입 시 설정되는 월 단위 자동이체를 모두 성공하는 경우 : 연 2.50% 제공,3,· 토스뱅크 아이 통장을 보유한 15세 이하 실명의 개인,200000,단리,12,3.0,5.5
